category_id,category_name,tier,full_ann_count,mini_ann_count,full_img_count,mini_img_count,covered_in_mini,ann_ratio,img_ratio
1,aerosol_can,c,109,62,109,62,1,0.568807,0.568807
2,air_conditioner,f,1081,201,1081,201,1,0.185939,0.185939
3,airplane,f,3720,509,3720,509,1,0.136828,0.136828
4,alarm_clock,f,158,29,158,29,1,0.183544,0.183544
5,alcohol,c,207,101,207,101,1,0.487923,0.487923
6,alligator,c,39,23,39,23,1,0.589744,0.589744
7,almond,c,1700,891,1700,891,1,0.524118,0.524118
8,ambulance,c,25,14,25,14,1,0.560000,0.560000
9,amplifier,c,16,9,16,9,1,0.562500,0.562500
10,anklet,c,39,23,39,23,1,0.589744,0.589744
11,antenna,f,1018,206,1018,206,1,0.202358,0.202358
12,apple,f,17451,4090,17451,4090,1,0.234371,0.234371
13,applesauce,r,7,5,7,5,1,0.714286,0.714286
14,apricot,r,62,24,62,24,1,0.387097,0.387097
15,apron,f,881,191,881,191,1,0.216799,0.216799
16,aquarium,c,36,21,36,21,1,0.583333,0.583333
17,arctic_(type_of_shoe),r,8,8,8,8,1,1.000000,1.000000
18,armband,c,85,49,85,49,1,0.576471,0.576471
19,armchair,f,1112,238,1112,238,1,0.214029,0.214029
20,armoire,r,11,7,11,7,1,0.636364,0.636364
21,armor,r,23,16,23,16,1,0.695652,0.695652
22,artichoke,c,293,173,293,173,1,0.590444,0.590444
23,trash_can,f,2722,515,2722,515,1,0.189199,0.189199
24,ashtray,c,136,84,136,84,1,0.617647,0.617647
25,asparagus,c,969,541,969,541,1,0.558308,0.558308
26,atomizer,c,67,37,67,37,1,0.552239,0.552239
27,avocado,f,1048,201,1048,201,1,0.191794,0.191794
28,award,c,163,98,163,98,1,0.601227,0.601227
29,awning,f,4270,722,4270,722,1,0.169087,0.169087
30,ax,r,8,4,8,4,1,0.500000,0.500000
31,baboon,r,3,3,3,3,1,1.000000,1.000000
32,baby_buggy,f,447,77,447,77,1,0.172260,0.172260
33,basketball_backboard,c,42,26,42,26,1,0.619048,0.619048
34,backpack,f,3907,625,3907,625,1,0.159969,0.159969
35,handbag,f,3947,675,3947,675,1,0.171016,0.171016
36,suitcase,f,8537,1637,8537,1637,1,0.191754,0.191754
37,bagel,c,372,188,372,188,1,0.505376,0.505376
38,bagpipe,r,6,6,6,6,1,1.000000,1.000000
39,baguet,r,9,9,9,9,1,1.000000,1.000000
40,bait,r,1,1,1,1,1,1.000000,1.000000
41,ball,f,755,137,755,137,1,0.181457,0.181457
42,ballet_skirt,r,12,9,12,9,1,0.750000,0.750000
43,balloon,f,1556,311,1556,311,1,0.199871,0.199871
44,bamboo,c,243,125,243,125,1,0.514403,0.514403
45,banana,f,50552,8899,50552,8899,1,0.176037,0.176037
46,Band_Aid,c,19,11,19,11,1,0.578947,0.578947
47,bandage,c,92,55,92,55,1,0.597826,0.597826
48,bandanna,f,219,39,219,39,1,0.178082,0.178082
49,banjo,r,3,2,3,2,1,0.666667,0.666667
50,banner,f,5907,839,5907,839,1,0.142035,0.142035
51,barbell,r,4,3,4,3,1,0.750000,0.750000
52,barge,r,3,3,3,3,1,1.000000,1.000000
53,barrel,f,707,94,707,94,1,0.132956,0.132956
54,barrette,c,119,76,119,76,1,0.638655,0.638655
55,barrow,c,30,18,30,18,1,0.600000,0.600000
56,baseball_base,f,404,52,404,52,1,0.128713,0.128713
57,baseball,f,1013,130,1013,130,1,0.128332,0.128332
58,baseball_bat,f,2698,392,2698,392,1,0.145293,0.145293
59,baseball_cap,f,9028,1457,9028,1457,1,0.161387,0.161387
60,baseball_glove,f,2536,346,2536,346,1,0.136435,0.136435
61,basket,f,3984,906,3984,906,1,0.227410,0.227410
62,basketball,c,56,34,56,34,1,0.607143,0.607143
63,bass_horn,r,6,5,6,5,1,0.833333,0.833333
64,bat_(animal),c,47,15,47,15,1,0.319149,0.319149
65,bath_mat,f,336,61,336,61,1,0.181548,0.181548
66,bath_towel,f,1210,203,1210,203,1,0.167769,0.167769
67,bathrobe,c,53,30,53,30,1,0.566038,0.566038
68,bathtub,f,868,170,868,170,1,0.195853,0.195853
69,batter_(food),r,26,10,26,10,1,0.384615,0.384615
70,battery,c,155,88,155,88,1,0.567742,0.567742
71,beachball,r,3,3,3,3,1,1.000000,1.000000
72,bead,c,1371,811,1371,811,1,0.591539,0.591539
73,bean_curd,c,231,133,231,133,1,0.575758,0.575758
74,beanbag,c,20,11,20,11,1,0.550000,0.550000
75,beanie,f,1907,291,1907,291,1,0.152596,0.152596
76,bear,f,1069,177,1069,177,1,0.165575,0.165575
77,bed,f,2137,404,2137,404,1,0.189050,0.189050
78,bedpan,r,2,2,2,2,1,1.000000,1.000000
79,bedspread,f,188,30,188,30,1,0.159574,0.159574
80,cow,f,8085,1563,8085,1563,1,0.193321,0.193321
81,beef_(food),f,1242,217,1242,217,1,0.174718,0.174718
82,beeper,r,4,3,4,3,1,0.750000,0.750000
83,beer_bottle,f,1227,230,1227,230,1,0.187449,0.187449
84,beer_can,c,203,121,203,121,1,0.596059,0.596059
85,beetle,r,9,9,9,9,1,1.000000,1.000000
86,bell,f,590,92,590,92,1,0.155932,0.155932
87,bell_pepper,f,4369,933,4369,933,1,0.213550,0.213550
88,belt,f,3683,591,3683,591,1,0.160467,0.160467
89,belt_buckle,f,589,97,589,97,1,0.164686,0.164686
90,bench,f,4374,760,4374,760,1,0.173754,0.173754
91,beret,c,57,28,57,28,1,0.491228,0.491228
92,bib,c,96,60,96,60,1,0.625000,0.625000
93,Bible,r,2,0,2,0,0,0.000000,0.000000
94,bicycle,f,4566,708,4566,708,1,0.155059,0.155059
95,visor,f,777,126,777,126,1,0.162162,0.162162
96,billboard,f,1025,116,1025,116,1,0.113171,0.113171
97,binder,c,311,172,311,172,1,0.553055,0.553055
98,binoculars,c,22,13,22,13,1,0.590909,0.590909
99,bird,f,11557,2389,11557,2389,1,0.206715,0.206715
100,birdfeeder,c,16,9,16,9,1,0.562500,0.562500
101,birdbath,c,12,7,12,7,1,0.583333,0.583333
102,birdcage,c,180,106,180,106,1,0.588889,0.588889
103,birdhouse,c,60,36,60,36,1,0.600000,0.600000
104,birthday_cake,f,311,74,311,74,1,0.237942,0.237942
105,birthday_card,r,23,12,23,12,1,0.521739,0.521739
106,pirate_flag,r,1,1,1,1,1,1.000000,1.000000
107,black_sheep,c,214,122,214,122,1,0.570093,0.570093
108,blackberry,c,406,219,406,219,1,0.539409,0.539409
109,blackboard,f,154,33,154,33,1,0.214286,0.214286
110,blanket,f,3075,572,3075,572,1,0.186016,0.186016
111,blazer,c,124,75,124,75,1,0.604839,0.604839
112,blender,f,316,71,316,71,1,0.224684,0.224684
113,blimp,r,3,3,3,3,1,1.000000,1.000000
114,blinker,f,1269,211,1269,211,1,0.166273,0.166273
115,blouse,f,623,117,623,117,1,0.187801,0.187801
116,blueberry,f,2114,492,2114,492,1,0.232734,0.232734
117,gameboard,r,17,7,17,7,1,0.411765,0.411765
118,boat,f,9981,1586,9981,1586,1,0.158902,0.158902
119,bob,r,2,2,2,2,1,1.000000,1.000000
120,bobbin,c,190,88,190,88,1,0.463158,0.463158
121,bobby_pin,c,43,41,43,41,1,0.953488,0.953488
122,boiled_egg,c,125,74,125,74,1,0.592000,0.592000
123,bolo_tie,r,1,1,1,1,1,1.000000,1.000000
124,deadbolt,c,46,26,46,26,1,0.565217,0.565217
125,bolt,f,11261,1751,11261,1751,1,0.155492,0.155492
126,bonnet,r,10,7,10,7,1,0.700000,0.700000
127,book,f,33353,7413,33353,7413,1,0.222259,0.222259
128,bookcase,c,113,70,113,70,1,0.619469,0.619469
129,booklet,c,439,272,439,272,1,0.619590,0.619590
130,bookmark,r,15,10,15,10,1,0.666667,0.666667
131,boom_microphone,r,10,5,10,5,1,0.500000,0.500000
132,boot,f,4194,808,4194,808,1,0.192656,0.192656
133,bottle,f,7969,1766,7969,1766,1,0.221609,0.221609
134,bottle_opener,c,15,9,15,9,1,0.600000,0.600000
135,bouquet,c,53,31,53,31,1,0.584906,0.584906
136,bow_(weapon),r,6,3,6,3,1,0.500000,0.500000
137,bow_(decorative_ribbons),f,1144,265,1144,265,1,0.231643,0.231643
138,bow-tie,f,359,69,359,69,1,0.192201,0.192201
139,bowl,f,5308,1368,5308,1368,1,0.257724,0.257724
140,pipe_bowl,r,1,1,1,1,1,1.000000,1.000000
141,bowler_hat,c,89,53,89,53,1,0.595506,0.595506
142,bowling_ball,r,38,22,38,22,1,0.578947,0.578947
143,box,f,7855,1675,7855,1675,1,0.213240,0.213240
144,boxing_glove,r,22,5,22,5,1,0.227273,0.227273
145,suspenders,c,88,54,88,54,1,0.613636,0.613636
146,bracelet,f,3219,627,3219,627,1,0.194781,0.194781
147,brass_plaque,r,4,3,4,3,1,0.750000,0.750000
148,brassiere,c,118,70,118,70,1,0.593220,0.593220
149,bread-bin,c,17,10,17,10,1,0.588235,0.588235
150,bread,f,6550,1363,6550,1363,1,0.208092,0.208092
151,breechcloth,r,3,3,3,3,1,1.000000,1.000000
152,bridal_gown,f,118,32,118,32,1,0.271186,0.271186
153,briefcase,c,84,48,84,48,1,0.571429,0.571429
154,broccoli,f,12166,2544,12166,2544,1,0.209107,0.209107
155,broach,r,9,4,9,4,1,0.444444,0.444444
156,broom,c,144,84,144,84,1,0.583333,0.583333
157,brownie,c,217,107,217,107,1,0.493088,0.493088
158,brussels_sprouts,c,590,350,590,350,1,0.593220,0.593220
159,bubble_gum,r,4,3,4,3,1,0.750000,0.750000
160,bucket,f,1346,264,1346,264,1,0.196137,0.196137
161,horse_buggy,r,19,3,19,3,1,0.157895,0.157895
162,bull,c,230,141,230,141,1,0.613043,0.613043
163,bulldog,c,21,13,21,13,1,0.619048,0.619048
164,bulldozer,r,4,4,4,4,1,1.000000,1.000000
165,bullet_train,c,80,54,80,54,1,0.675000,0.675000
166,bulletin_board,c,76,42,76,42,1,0.552632,0.552632
167,bulletproof_vest,r,27,13,27,13,1,0.481481,0.481481
168,bullhorn,c,15,10,15,10,1,0.666667,0.666667
169,bun,f,1780,362,1780,362,1,0.203371,0.203371
170,bunk_bed,c,44,23,44,23,1,0.522727,0.522727
171,buoy,f,1404,255,1404,255,1,0.181624,0.181624
172,burrito,r,14,3,14,3,1,0.214286,0.214286
173,bus_(vehicle),f,3281,442,3281,442,1,0.134715,0.134715
174,business_card,c,84,49,84,49,1,0.583333,0.583333
175,butter,f,308,70,308,70,1,0.227273,0.227273
176,butterfly,c,296,162,296,162,1,0.547297,0.547297
177,button,f,7884,1726,7884,1726,1,0.218924,0.218924
178,cab_(taxi),f,414,48,414,48,1,0.115942,0.115942
179,cabana,r,20,20,20,20,1,1.000000,1.000000
180,cabin_car,c,14,9,14,9,1,0.642857,0.642857
181,cabinet,f,7371,1679,7371,1679,1,0.227785,0.227785
182,locker,r,95,49,95,49,1,0.515789,0.515789
183,cake,f,2297,464,2297,464,1,0.202003,0.202003
184,calculator,c,60,34,60,34,1,0.566667,0.566667
185,calendar,f,251,52,251,52,1,0.207171,0.207171
186,calf,c,301,187,301,187,1,0.621262,0.621262
187,camcorder,c,45,26,45,26,1,0.577778,0.577778
188,camel,c,34,18,34,18,1,0.529412,0.529412
189,camera,f,2471,463,2471,463,1,0.187374,0.187374
190,camera_lens,c,167,100,167,100,1,0.598802,0.598802
191,camper_(vehicle),c,102,57,102,57,1,0.558824,0.558824
192,can,f,1424,270,1424,270,1,0.189607,0.189607
193,can_opener,c,22,12,22,12,1,0.545455,0.545455
194,candle,f,4288,904,4288,904,1,0.210821,0.210821
195,candle_holder,f,530,109,530,109,1,0.205660,0.205660
196,candy_bar,r,29,3,29,3,1,0.103448,0.103448
197,candy_cane,c,107,37,107,37,1,0.345794,0.345794
198,walking_cane,c,106,64,106,64,1,0.603774,0.603774
199,canister,c,218,129,218,129,1,0.591743,0.591743
200,canoe,c,96,55,96,55,1,0.572917,0.572917
201,cantaloup,c,193,111,193,111,1,0.575130,0.575130
202,canteen,r,2,2,2,2,1,1.000000,1.000000
203,cap_(headwear),f,636,89,636,89,1,0.139937,0.139937
204,bottle_cap,f,5293,1169,5293,1169,1,0.220858,0.220858
205,cape,c,27,16,27,16,1,0.592593,0.592593
206,cappuccino,c,87,50,87,50,1,0.574713,0.574713
207,car_(automobile),f,10528,1539,10528,1539,1,0.146182,0.146182
208,railcar_(part_of_a_train),f,928,104,928,104,1,0.112069,0.112069
209,elevator_car,r,10,4,10,4,1,0.400000,0.400000
210,car_battery,r,1,1,1,1,1,1.000000,1.000000
211,identity_card,c,16,9,16,9,1,0.562500,0.562500
212,card,c,122,73,122,73,1,0.598361,0.598361
213,cardigan,c,22,13,22,13,1,0.590909,0.590909
214,cargo_ship,r,15,5,15,5,1,0.333333,0.333333
215,carnation,r,22,16,22,16,1,0.727273,0.727273
216,horse_carriage,c,49,26,49,26,1,0.530612,0.530612
217,carrot,f,18049,4430,18049,4430,1,0.245443,0.245443
218,tote_bag,f,231,49,231,49,1,0.212121,0.212121
219,cart,c,51,31,51,31,1,0.607843,0.607843
220,carton,c,206,112,206,112,1,0.543689,0.543689
221,cash_register,c,33,19,33,19,1,0.575758,0.575758
222,casserole,r,12,10,12,10,1,0.833333,0.833333
223,cassette,r,74,9,74,9,1,0.121622,0.121622
224,cast,c,15,9,15,9,1,0.600000,0.600000
225,cat,f,2387,424,2387,424,1,0.177629,0.177629
226,cauliflower,f,1035,232,1035,232,1,0.224155,0.224155
227,cayenne_(spice),c,49,25,49,25,1,0.510204,0.510204
228,CD_player,c,37,20,37,20,1,0.540541,0.540541
229,celery,f,911,184,911,184,1,0.201976,0.201976
230,cellular_telephone,f,2902,528,2902,528,1,0.181943,0.181943
231,chain_mail,r,13,8,13,8,1,0.615385,0.615385
232,chair,f,11549,2403,11549,2403,1,0.208070,0.208070
233,chaise_longue,r,15,7,15,7,1,0.466667,0.466667
234,chalice,r,1,1,1,1,1,1.000000,1.000000
235,chandelier,f,392,84,392,84,1,0.214286,0.214286
236,chap,r,19,11,19,11,1,0.578947,0.578947
237,checkbook,r,2,2,2,2,1,1.000000,1.000000
238,checkerboard,r,3,2,3,2,1,0.666667,0.666667
239,cherry,c,903,510,903,510,1,0.564784,0.564784
240,chessboard,r,13,5,13,5,1,0.384615,0.384615
241,chicken_(animal),c,417,208,417,208,1,0.498801,0.498801
242,chickpea,c,265,173,265,173,1,0.652830,0.652830
243,chili_(vegetable),c,354,187,354,187,1,0.528249,0.528249
244,chime,r,2,2,2,2,1,1.000000,1.000000
245,chinaware,r,41,18,41,18,1,0.439024,0.439024
246,crisp_(potato_chip),c,541,330,541,330,1,0.609982,0.609982
247,poker_chip,r,21,21,21,21,1,1.000000,1.000000
248,chocolate_bar,c,179,98,179,98,1,0.547486,0.547486
249,chocolate_cake,c,80,45,80,45,1,0.562500,0.562500
250,chocolate_milk,r,7,5,7,5,1,0.714286,0.714286
251,chocolate_mousse,r,1,1,1,1,1,1.000000,1.000000
252,choker,f,1380,301,1380,301,1,0.218116,0.218116
253,chopping_board,f,840,196,840,196,1,0.233333,0.233333
254,chopstick,f,557,131,557,131,1,0.235189,0.235189
255,Christmas_tree,f,303,57,303,57,1,0.188119,0.188119
256,slide,c,106,61,106,61,1,0.575472,0.575472
257,cider,r,38,37,38,37,1,0.973684,0.973684
258,cigar_box,r,3,3,3,3,1,1.000000,1.000000
259,cigarette,f,269,50,269,50,1,0.185874,0.185874
260,cigarette_case,c,35,20,35,20,1,0.571429,0.571429
261,cistern,f,901,159,901,159,1,0.176471,0.176471
262,clarinet,r,1,1,1,1,1,1.000000,1.000000
263,clasp,c,197,116,197,116,1,0.588832,0.588832
264,cleansing_agent,c,63,37,63,37,1,0.587302,0.587302
265,cleat_(for_securing_rope),r,8,8,8,8,1,1.000000,1.000000
266,clementine,r,108,97,108,97,1,0.898148,0.898148
267,clip,c,301,178,301,178,1,0.591362,0.591362
268,clipboard,c,36,22,36,22,1,0.611111,0.611111
269,clippers_(for_plants),r,1,1,1,1,1,1.000000,1.000000
270,cloak,r,1,1,1,1,1,1.000000,1.000000
271,clock,f,2677,444,2677,444,1,0.165857,0.165857
272,clock_tower,f,932,137,932,137,1,0.146996,0.146996
273,clothes_hamper,c,47,23,47,23,1,0.489362,0.489362
274,clothespin,c,111,66,111,66,1,0.594595,0.594595
275,clutch_bag,r,1,1,1,1,1,1.000000,1.000000
276,coaster,f,390,72,390,72,1,0.184615,0.184615
277,coat,f,4145,633,4145,633,1,0.152714,0.152714
278,coat_hanger,c,282,166,282,166,1,0.588652,0.588652
279,coatrack,c,16,9,16,9,1,0.562500,0.562500
280,cock,c,132,111,132,111,1,0.840909,0.840909
281,cockroach,r,1,1,1,1,1,1.000000,1.000000
282,cocoa_(beverage),r,4,4,4,4,1,1.000000,1.000000
283,coconut,c,273,155,273,155,1,0.567766,0.567766
284,coffee_maker,f,271,63,271,63,1,0.232472,0.232472
285,coffee_table,f,709,141,709,141,1,0.198872,0.198872
286,coffeepot,c,32,19,32,19,1,0.593750,0.593750
287,coil,r,7,5,7,5,1,0.714286,0.714286
288,coin,c,305,173,305,173,1,0.567213,0.567213
289,colander,c,16,9,16,9,1,0.562500,0.562500
290,coleslaw,c,72,43,72,43,1,0.597222,0.597222
291,coloring_material,r,1,1,1,1,1,1.000000,1.000000
292,combination_lock,r,13,7,13,7,1,0.538462,0.538462
293,pacifier,c,40,24,40,24,1,0.600000,0.600000
294,comic_book,r,97,89,97,89,1,0.917526,0.917526
295,compass,r,1,1,1,1,1,1.000000,1.000000
296,computer_keyboard,f,2745,554,2745,554,1,0.201821,0.201821
297,condiment,f,2985,558,2985,558,1,0.186935,0.186935
298,cone,f,4081,598,4081,598,1,0.146533,0.146533
299,control,f,1775,329,1775,329,1,0.185352,0.185352
300,convertible_(automobile),r,4,3,4,3,1,0.750000,0.750000
301,sofa_bed,r,5,3,5,3,1,0.600000,0.600000
302,cooker,r,1,1,1,1,1,1.000000,1.000000
303,cookie,f,1920,481,1920,481,1,0.250521,0.250521
304,cooking_utensil,r,18,18,18,18,1,1.000000,1.000000
305,cooler_(for_food),f,499,91,499,91,1,0.182365,0.182365
306,cork_(bottle_plug),f,326,60,326,60,1,0.184049,0.184049
307,corkboard,r,7,4,7,4,1,0.571429,0.571429
308,corkscrew,c,15,9,15,9,1,0.600000,0.600000
309,edible_corn,f,1883,462,1883,462,1,0.245353,0.245353
310,cornbread,r,10,10,10,10,1,1.000000,1.000000
311,cornet,c,65,37,65,37,1,0.569231,0.569231
312,cornice,c,149,88,149,88,1,0.590604,0.590604
313,cornmeal,r,1,1,1,1,1,1.000000,1.000000
314,corset,c,12,7,12,7,1,0.583333,0.583333
315,costume,c,124,77,124,77,1,0.620968,0.620968
316,cougar,r,6,4,6,4,1,0.666667,0.666667
317,coverall,r,12,9,12,9,1,0.750000,0.750000
318,cowbell,c,29,16,29,16,1,0.551724,0.551724
319,cowboy_hat,f,535,90,535,90,1,0.168224,0.168224
320,crab_(animal),c,50,26,50,26,1,0.520000,0.520000
321,crabmeat,r,5,5,5,5,1,1.000000,1.000000
322,cracker,c,510,282,510,282,1,0.552941,0.552941
323,crape,r,12,7,12,7,1,0.583333,0.583333
324,crate,f,1832,319,1832,319,1,0.174127,0.174127
325,crayon,c,59,34,59,34,1,0.576271,0.576271
326,cream_pitcher,r,10,6,10,6,1,0.600000,0.600000
327,crescent_roll,c,152,96,152,96,1,0.631579,0.631579
328,crib,c,40,23,40,23,1,0.575000,0.575000
329,crock_pot,c,128,48,128,48,1,0.375000,0.375000
330,crossbar,f,6991,1137,6991,1137,1,0.162638,0.162638
331,crouton,r,140,39,140,39,1,0.278571,0.278571
332,crow,c,24,16,24,16,1,0.666667,0.666667
333,crowbar,r,1,1,1,1,1,1.000000,1.000000
334,crown,c,126,75,126,75,1,0.595238,0.595238
335,crucifix,c,99,59,99,59,1,0.595960,0.595960
336,cruise_ship,c,35,21,35,21,1,0.600000,0.600000
337,police_cruiser,c,86,51,86,51,1,0.593023,0.593023
338,crumb,f,3021,700,3021,700,1,0.231711,0.231711
339,crutch,c,20,11,20,11,1,0.550000,0.550000
340,cub_(animal),c,55,34,55,34,1,0.618182,0.618182
341,cube,c,189,71,189,71,1,0.375661,0.375661
342,cucumber,f,1533,357,1533,357,1,0.232877,0.232877
343,cufflink,c,17,9,17,9,1,0.529412,0.529412
344,cup,f,4637,970,4637,970,1,0.209187,0.209187
345,trophy_cup,c,80,47,80,47,1,0.587500,0.587500
346,cupboard,f,1623,340,1623,340,1,0.209489,0.209489
347,cupcake,f,1628,381,1628,381,1,0.234029,0.234029
348,hair_curler,r,20,20,20,20,1,1.000000,1.000000
349,curling_iron,r,2,2,2,2,1,1.000000,1.000000
350,curtain,f,4506,876,4506,876,1,0.194407,0.194407
351,cushion,f,7174,1398,7174,1398,1,0.194870,0.194870
352,cylinder,r,3,3,3,3,1,1.000000,1.000000
353,cymbal,r,24,7,24,7,1,0.291667,0.291667
354,dagger,r,1,1,1,1,1,1.000000,1.000000
355,dalmatian,r,3,3,3,3,1,1.000000,1.000000
356,dartboard,c,11,7,11,7,1,0.636364,0.636364
357,date_(fruit),r,103,76,103,76,1,0.737864,0.737864
358,deck_chair,f,1787,288,1787,288,1,0.161164,0.161164
359,deer,c,130,79,130,79,1,0.607692,0.607692
360,dental_floss,c,20,12,20,12,1,0.600000,0.600000
361,desk,f,1662,365,1662,365,1,0.219615,0.219615
362,detergent,r,11,9,11,9,1,0.818182,0.818182
363,diaper,c,89,53,89,53,1,0.595506,0.595506
364,diary,r,2,2,2,2,1,1.000000,1.000000
365,die,r,25,6,25,6,1,0.240000,0.240000
366,dinghy,r,15,11,15,11,1,0.733333,0.733333
367,dining_table,f,312,74,312,74,1,0.237179,0.237179
368,tux,r,10,5,10,5,1,0.500000,0.500000
369,dish,f,532,106,532,106,1,0.199248,0.199248
370,dish_antenna,c,153,93,153,93,1,0.607843,0.607843
371,dishrag,c,32,19,32,19,1,0.593750,0.593750
372,dishtowel,f,223,47,223,47,1,0.210762,0.210762
373,dishwasher,f,317,71,317,71,1,0.223975,0.223975
374,dishwasher_detergent,r,9,6,9,6,1,0.666667,0.666667
375,dispenser,f,610,125,610,125,1,0.204918,0.204918
376,diving_board,r,2,2,2,2,1,1.000000,1.000000
377,Dixie_cup,f,352,75,352,75,1,0.213068,0.213068
378,dog,f,2684,451,2684,451,1,0.168033,0.168033
379,dog_collar,f,733,124,733,124,1,0.169168,0.169168
380,doll,f,398,71,398,71,1,0.178392,0.178392
381,dollar,r,2,2,2,2,1,1.000000,1.000000
382,dollhouse,r,2,2,2,2,1,1.000000,1.000000
383,dolphin,c,38,22,38,22,1,0.578947,0.578947
384,domestic_ass,c,49,32,49,32,1,0.653061,0.653061
385,doorknob,f,4072,892,4072,892,1,0.219057,0.219057
386,doormat,c,78,45,78,45,1,0.576923,0.576923
387,doughnut,f,11911,2282,11911,2282,1,0.191588,0.191588
388,dove,r,2,2,2,2,1,1.000000,1.000000
389,dragonfly,r,8,8,8,8,1,1.000000,1.000000
390,drawer,f,7927,1810,7927,1810,1,0.228334,0.228334
391,underdrawers,c,23,14,23,14,1,0.608696,0.608696
392,dress,f,2842,556,2842,556,1,0.195637,0.195637
393,dress_hat,c,76,44,76,44,1,0.578947,0.578947
394,dress_suit,f,306,49,306,49,1,0.160131,0.160131
395,dresser,f,152,28,152,28,1,0.184211,0.184211
396,drill,c,24,15,24,15,1,0.625000,0.625000
397,drone,r,2,2,2,2,1,1.000000,1.000000
398,dropper,r,1,1,1,1,1,1.000000,1.000000
399,drum_(musical_instrument),c,59,34,59,34,1,0.576271,0.576271
400,drumstick,r,25,11,25,11,1,0.440000,0.440000
401,duck,f,1090,164,1090,164,1,0.150459,0.150459
402,duckling,c,36,29,36,29,1,0.805556,0.805556
403,duct_tape,c,77,39,77,39,1,0.506494,0.506494
404,duffel_bag,f,666,108,666,108,1,0.162162,0.162162
405,dumbbell,r,13,7,13,7,1,0.538462,0.538462
406,dumpster,c,95,57,95,57,1,0.600000,0.600000
407,dustpan,r,7,3,7,3,1,0.428571,0.428571
408,eagle,c,48,28,48,28,1,0.583333,0.583333
409,earphone,f,767,158,767,158,1,0.205997,0.205997
410,earplug,r,39,39,39,39,1,1.000000,1.000000
411,earring,f,3070,654,3070,654,1,0.213029,0.213029
412,easel,c,43,26,43,26,1,0.604651,0.604651
413,eclair,r,39,38,39,38,1,0.974359,0.974359
414,eel,r,1,1,1,1,1,1.000000,1.000000
415,egg,f,813,177,813,177,1,0.217712,0.217712
416,egg_roll,r,15,12,15,12,1,0.800000,0.800000
417,egg_yolk,c,90,54,90,54,1,0.600000,0.600000
418,eggbeater,c,52,29,52,29,1,0.557692,0.557692
419,eggplant,c,337,193,337,193,1,0.572700,0.572700
420,electric_chair,r,1,1,1,1,1,1.000000,1.000000
421,refrigerator,f,1702,373,1702,373,1,0.219154,0.219154
422,elephant,f,5325,712,5325,712,1,0.133709,0.133709
423,elk,c,29,24,29,24,1,0.827586,0.827586
424,envelope,c,210,123,210,123,1,0.585714,0.585714
425,eraser,c,41,21,41,21,1,0.512195,0.512195
426,escargot,r,5,5,5,5,1,1.000000,1.000000
427,eyepatch,r,9,7,9,7,1,0.777778,0.777778
428,falcon,r,3,3,3,3,1,1.000000,1.000000
429,fan,f,737,142,737,142,1,0.192673,0.192673
430,faucet,f,3185,583,3185,583,1,0.183046,0.183046
431,fedora,r,14,6,14,6,1,0.428571,0.428571
432,ferret,r,5,4,5,4,1,0.800000,0.800000
433,Ferris_wheel,c,32,19,32,19,1,0.593750,0.593750
434,ferry,c,17,11,17,11,1,0.647059,0.647059
435,fig_(fruit),r,147,144,147,144,1,0.979592,0.979592
436,fighter_jet,c,115,74,115,74,1,0.643478,0.643478
437,figurine,f,1056,206,1056,206,1,0.195076,0.195076
438,file_cabinet,c,53,31,53,31,1,0.584906,0.584906
439,file_(tool),r,3,2,3,2,1,0.666667,0.666667
440,fire_alarm,f,151,31,151,31,1,0.205298,0.205298
441,fire_engine,f,179,39,179,39,1,0.217877,0.217877
442,fire_extinguisher,f,165,30,165,30,1,0.181818,0.181818
443,fire_hose,c,67,39,67,39,1,0.582090,0.582090
444,fireplace,f,530,103,530,103,1,0.194340,0.194340
445,fireplug,f,1458,219,1458,219,1,0.150206,0.150206
446,first-aid_kit,r,2,2,2,2,1,1.000000,1.000000
447,fish,f,525,107,525,107,1,0.203810,0.203810
448,fish_(food),c,96,53,96,53,1,0.552083,0.552083
449,fishbowl,r,33,7,33,7,1,0.212121,0.212121
450,fishing_rod,c,84,50,84,50,1,0.595238,0.595238
451,flag,f,7007,1150,7007,1150,1,0.164122,0.164122
452,flagpole,f,1082,169,1082,169,1,0.156192,0.156192
453,flamingo,c,309,230,309,230,1,0.744337,0.744337
454,flannel,c,18,11,18,11,1,0.611111,0.611111
455,flap,c,218,129,218,129,1,0.591743,0.591743
456,flash,r,10,5,10,5,1,0.500000,0.500000
457,flashlight,c,48,28,48,28,1,0.583333,0.583333
458,fleece,r,2,2,2,2,1,1.000000,1.000000
459,flip-flop_(sandal),f,1103,195,1103,195,1,0.176791,0.176791
460,flipper_(footwear),c,49,27,49,27,1,0.551020,0.551020
461,flower_arrangement,f,3960,813,3960,813,1,0.205303,0.205303
462,flute_glass,c,86,53,86,53,1,0.616279,0.616279
463,foal,c,30,18,30,18,1,0.600000,0.600000
464,folding_chair,c,303,174,303,174,1,0.574257,0.574257
465,food_processor,c,22,14,22,14,1,0.636364,0.636364
466,football_(American),c,35,20,35,20,1,0.571429,0.571429
467,football_helmet,r,7,6,7,6,1,0.857143,0.857143
468,footstool,c,41,25,41,25,1,0.609756,0.609756
469,fork,f,3137,721,3137,721,1,0.229837,0.229837
470,forklift,c,14,8,14,8,1,0.571429,0.571429
471,freight_car,c,121,69,121,69,1,0.570248,0.570248
472,French_toast,c,41,23,41,23,1,0.560976,0.560976
473,freshener,c,39,21,39,21,1,0.538462,0.538462
474,frisbee,f,2332,368,2332,368,1,0.157804,0.157804
475,frog,c,84,49,84,49,1,0.583333,0.583333
476,fruit_juice,c,37,23,37,23,1,0.621622,0.621622
477,frying_pan,f,310,69,310,69,1,0.222581,0.222581
478,fudge,r,4,4,4,4,1,1.000000,1.000000
479,funnel,r,9,5,9,5,1,0.555556,0.555556
480,futon,r,11,3,11,3,1,0.272727,0.272727
481,gag,r,4,3,4,3,1,0.750000,0.750000
482,garbage,r,18,10,18,10,1,0.555556,0.555556
483,garbage_truck,c,18,11,18,11,1,0.611111,0.611111
484,garden_hose,c,50,30,50,30,1,0.600000,0.600000
485,gargle,c,38,21,38,21,1,0.552632,0.552632
486,gargoyle,r,8,8,8,8,1,1.000000,1.000000
487,garlic,c,487,279,487,279,1,0.572895,0.572895
488,gasmask,r,12,3,12,3,1,0.250000,0.250000
489,gazelle,c,82,51,82,51,1,0.621951,0.621951
490,gelatin,c,248,226,248,226,1,0.911290,0.911290
491,gemstone,r,2,2,2,2,1,1.000000,1.000000
492,generator,r,2,2,2,2,1,1.000000,1.000000
493,giant_panda,c,112,66,112,66,1,0.589286,0.589286
494,gift_wrap,c,247,144,247,144,1,0.582996,0.582996
495,ginger,c,93,41,93,41,1,0.440860,0.440860
496,giraffe,f,3923,622,3923,622,1,0.158552,0.158552
497,cincture,c,56,32,56,32,1,0.571429,0.571429
498,glass_(drink_container),f,6420,1346,6420,1346,1,0.209657,0.209657
499,globe,c,59,35,59,35,1,0.593220,0.593220
500,glove,f,5951,873,5951,873,1,0.146698,0.146698
501,goat,c,842,490,842,490,1,0.581948,0.581948
502,goggles,f,3202,475,3202,475,1,0.148345,0.148345
503,goldfish,r,11,11,11,11,1,1.000000,1.000000
504,golf_club,c,14,8,14,8,1,0.571429,0.571429
505,golfcart,c,25,14,25,14,1,0.560000,0.560000
506,gondola_(boat),r,8,8,8,8,1,1.000000,1.000000
507,goose,c,413,252,413,252,1,0.610169,0.610169
508,gorilla,r,10,9,10,9,1,0.900000,0.900000
509,gourd,r,101,90,101,90,1,0.891089,0.891089
510,grape,f,6377,1560,6377,1560,1,0.244629,0.244629
511,grater,c,64,38,64,38,1,0.593750,0.593750
512,gravestone,c,778,442,778,442,1,0.568123,0.568123
513,gravy_boat,r,10,5,10,5,1,0.500000,0.500000
514,green_bean,f,2571,537,2571,537,1,0.208868,0.208868
515,green_onion,f,1618,338,1618,338,1,0.208900,0.208900
516,griddle,r,4,4,4,4,1,1.000000,1.000000
517,grill,f,747,108,747,108,1,0.144578,0.144578
518,grits,r,3,3,3,3,1,1.000000,1.000000
519,grizzly,c,44,27,44,27,1,0.613636,0.613636
520,grocery_bag,c,46,26,46,26,1,0.565217,0.565217
521,guitar,f,315,55,315,55,1,0.174603,0.174603
522,gull,c,1398,820,1398,820,1,0.586552,0.586552
523,gun,c,68,39,68,39,1,0.573529,0.573529
524,hairbrush,f,165,32,165,32,1,0.193939,0.193939
525,hairnet,c,53,30,53,30,1,0.566038,0.566038
526,hairpin,c,20,11,20,11,1,0.550000,0.550000
527,halter_top,r,3,3,3,3,1,1.000000,1.000000
528,ham,f,1765,289,1765,289,1,0.163739,0.163739
529,hamburger,c,126,74,126,74,1,0.587302,0.587302
530,hammer,c,41,23,41,23,1,0.560976,0.560976
531,hammock,c,15,9,15,9,1,0.600000,0.600000
532,hamper,r,5,4,5,4,1,0.800000,0.800000
533,hamster,c,12,7,12,7,1,0.583333,0.583333
534,hair_dryer,f,144,26,144,26,1,0.180556,0.180556
535,hand_glass,r,7,4,7,4,1,0.571429,0.571429
536,hand_towel,f,619,102,619,102,1,0.164782,0.164782
537,handcart,c,204,122,204,122,1,0.598039,0.598039
538,handcuff,r,10,4,10,4,1,0.400000,0.400000
539,handkerchief,c,86,54,86,54,1,0.627907,0.627907
540,handle,f,8314,1688,8314,1688,1,0.203031,0.203031
541,handsaw,r,5,4,5,4,1,0.800000,0.800000
542,hardback_book,r,2,2,2,2,1,1.000000,1.000000
543,harmonium,r,2,2,2,2,1,1.000000,1.000000
544,hat,f,7213,1327,7213,1327,1,0.183973,0.183973
545,hatbox,r,7,4,7,4,1,0.571429,0.571429
546,veil,c,57,32,57,32,1,0.561404,0.561404
547,headband,f,1114,186,1114,186,1,0.166966,0.166966
548,headboard,f,850,168,850,168,1,0.197647,0.197647
549,headlight,f,7326,1153,7326,1153,1,0.157385,0.157385
550,headscarf,c,235,141,235,141,1,0.600000,0.600000
551,headset,r,10,4,10,4,1,0.400000,0.400000
552,headstall_(for_horses),c,133,75,133,75,1,0.563910,0.563910
553,heart,c,347,195,347,195,1,0.561960,0.561960
554,heater,c,64,38,64,38,1,0.593750,0.593750
555,helicopter,c,68,38,68,38,1,0.558824,0.558824
556,helmet,f,4845,730,4845,730,1,0.150671,0.150671
557,heron,r,6,5,6,5,1,0.833333,0.833333
558,highchair,c,98,65,98,65,1,0.663265,0.663265
559,hinge,f,5283,1070,5283,1070,1,0.202536,0.202536
560,hippopotamus,r,24,6,24,6,1,0.250000,0.250000
561,hockey_stick,r,15,7,15,7,1,0.466667,0.466667
562,hog,c,73,44,73,44,1,0.602740,0.602740
563,home_plate_(baseball),f,551,79,551,79,1,0.143376,0.143376
564,honey,c,90,65,90,65,1,0.722222,0.722222
565,fume_hood,f,208,48,208,48,1,0.230769,0.230769
566,hook,f,1157,258,1157,258,1,0.222990,0.222990
567,hookah,r,3,3,3,3,1,1.000000,1.000000
568,hornet,r,1,1,1,1,1,1.000000,1.000000
569,horse,f,4744,915,4744,915,1,0.192875,0.192875
570,hose,f,610,103,610,103,1,0.168852,0.168852
571,hot-air_balloon,r,4,4,4,4,1,1.000000,1.000000
572,hotplate,r,6,4,6,4,1,0.666667,0.666667
573,hot_sauce,c,70,27,70,27,1,0.385714,0.385714
574,hourglass,r,2,2,2,2,1,1.000000,1.000000
575,houseboat,r,4,4,4,4,1,1.000000,1.000000
576,hummingbird,c,18,12,18,12,1,0.666667,0.666667
577,hummus,r,9,5,9,5,1,0.555556,0.555556
578,polar_bear,f,196,24,196,24,1,0.122449,0.122449
579,icecream,c,180,92,180,92,1,0.511111,0.511111
580,popsicle,r,1,1,1,1,1,1.000000,1.000000
581,ice_maker,c,26,14,26,14,1,0.538462,0.538462
582,ice_pack,r,4,4,4,4,1,1.000000,1.000000
583,ice_skate,r,14,13,14,13,1,0.928571,0.928571
584,igniter,c,77,46,77,46,1,0.597403,0.597403
585,inhaler,r,7,5,7,5,1,0.714286,0.714286
586,iPod,f,172,37,172,37,1,0.215116,0.215116
587,iron_(for_clothing),c,38,24,38,24,1,0.631579,0.631579
588,ironing_board,c,24,14,24,14,1,0.583333,0.583333
589,jacket,f,8013,1418,8013,1418,1,0.176962,0.176962
590,jam,c,29,17,29,17,1,0.586207,0.586207
591,jar,f,2002,492,2002,492,1,0.245754,0.245754
592,jean,f,5421,933,5421,933,1,0.172108,0.172108
593,jeep,c,55,31,55,31,1,0.563636,0.563636
594,jelly_bean,r,116,116,116,116,1,1.000000,1.000000
595,jersey,f,8117,1351,8117,1351,1,0.166441,0.166441
596,jet_plane,c,87,58,87,58,1,0.666667,0.666667
597,jewel,r,1,1,1,1,1,1.000000,1.000000
598,jewelry,c,51,31,51,31,1,0.607843,0.607843
599,joystick,r,12,5,12,5,1,0.416667,0.416667
600,jumpsuit,c,21,14,21,14,1,0.666667,0.666667
601,kayak,c,124,76,124,76,1,0.612903,0.612903
602,keg,r,6,6,6,6,1,1.000000,1.000000
603,kennel,r,4,3,4,3,1,0.750000,0.750000
604,kettle,c,130,77,130,77,1,0.592308,0.592308
605,key,f,447,103,447,103,1,0.230425,0.230425
606,keycard,r,1,0,1,0,0,0.000000,0.000000
607,kilt,c,19,14,19,14,1,0.736842,0.736842
608,kimono,c,38,24,38,24,1,0.631579,0.631579
609,kitchen_sink,f,519,125,519,125,1,0.240848,0.240848
610,kitchen_table,r,11,3,11,3,1,0.272727,0.272727
611,kite,f,11174,1847,11174,1847,1,0.165294,0.165294
612,kitten,c,60,34,60,34,1,0.566667,0.566667
613,kiwi_fruit,c,702,405,702,405,1,0.576923,0.576923
614,knee_pad,f,1765,256,1765,256,1,0.145042,0.145042
615,knife,f,3515,823,3515,823,1,0.234139,0.234139
616,knitting_needle,r,16,9,16,9,1,0.562500,0.562500
617,knob,f,8432,1880,8432,1880,1,0.222960,0.222960
618,knocker_(on_a_door),r,10,3,10,3,1,0.300000,0.300000
619,koala,r,15,6,15,6,1,0.400000,0.400000
620,lab_coat,r,42,28,42,28,1,0.666667,0.666667
621,ladder,f,975,172,975,172,1,0.176410,0.176410
622,ladle,c,226,135,226,135,1,0.597345,0.597345
623,ladybug,c,68,34,68,34,1,0.500000,0.500000
624,lamb_(animal),f,618,83,618,83,1,0.134304,0.134304
625,lamb-chop,r,8,7,8,7,1,0.875000,0.875000
626,lamp,f,4139,754,4139,754,1,0.182170,0.182170
627,lamppost,f,2234,386,2234,386,1,0.172784,0.172784
628,lampshade,f,2475,473,2475,473,1,0.191111,0.191111
629,lantern,c,364,199,364,199,1,0.546703,0.546703
630,lanyard,f,1065,193,1065,193,1,0.181221,0.181221
631,laptop_computer,f,2852,556,2852,556,1,0.194951,0.194951
632,lasagna,r,7,4,7,4,1,0.571429,0.571429
633,latch,f,702,138,702,138,1,0.196581,0.196581
634,lawn_mower,r,12,3,12,3,1,0.250000,0.250000
635,leather,r,20,8,20,8,1,0.400000,0.400000
636,legging_(clothing),c,154,95,154,95,1,0.616883,0.616883
637,Lego,c,331,208,331,208,1,0.628399,0.628399
638,legume,r,333,165,333,165,1,0.495495,0.495495
639,lemon,f,2168,484,2168,484,1,0.223247,0.223247
640,lemonade,r,2,2,2,2,1,1.000000,1.000000
641,lettuce,f,5500,1213,5500,1213,1,0.220545,0.220545
642,license_plate,f,4392,680,4392,680,1,0.154827,0.154827
643,life_buoy,f,524,85,524,85,1,0.162214,0.162214
644,life_jacket,f,689,123,689,123,1,0.178520,0.178520
645,lightbulb,f,7075,1308,7075,1308,1,0.184876,0.184876
646,lightning_rod,r,6,3,6,3,1,0.500000,0.500000
647,lime,f,1134,210,1134,210,1,0.185185,0.185185
648,limousine,r,6,4,6,4,1,0.666667,0.666667
649,lion,c,69,34,69,34,1,0.492754,0.492754
650,lip_balm,c,29,17,29,17,1,0.586207,0.586207
651,liquor,r,66,38,66,38,1,0.575758,0.575758
652,lizard,c,22,13,22,13,1,0.590909,0.590909
653,log,f,7363,1275,7363,1275,1,0.173163,0.173163
654,lollipop,c,59,23,59,23,1,0.389831,0.389831
655,speaker_(stero_equipment),f,2029,445,2029,445,1,0.219320,0.219320
656,loveseat,c,41,25,41,25,1,0.609756,0.609756
657,machine_gun,r,5,5,5,5,1,1.000000,1.000000
658,magazine,f,1379,269,1379,269,1,0.195069,0.195069
659,magnet,f,5638,1384,5638,1384,1,0.245477,0.245477
660,mail_slot,c,16,9,16,9,1,0.562500,0.562500
661,mailbox_(at_home),f,240,32,240,32,1,0.133333,0.133333
662,mallard,r,2,2,2,2,1,1.000000,1.000000
663,mallet,r,16,7,16,7,1,0.437500,0.437500
664,mammoth,r,2,2,2,2,1,1.000000,1.000000
665,manatee,r,1,1,1,1,1,1.000000,1.000000
666,mandarin_orange,c,401,238,401,238,1,0.593516,0.593516
667,manger,c,126,79,126,79,1,0.626984,0.626984
668,manhole,f,445,78,445,78,1,0.175281,0.175281
669,map,f,186,38,186,38,1,0.204301,0.204301
670,marker,f,501,125,501,125,1,0.249501,0.249501
671,martini,r,3,3,3,3,1,1.000000,1.000000
672,mascot,r,10,3,10,3,1,0.300000,0.300000
673,mashed_potato,c,58,35,58,35,1,0.603448,0.603448
674,masher,r,2,2,2,2,1,1.000000,1.000000
675,mask,f,1595,250,1595,250,1,0.156740,0.156740
676,mast,f,2985,422,2985,422,1,0.141374,0.141374
677,mat_(gym_equipment),c,114,63,114,63,1,0.552632,0.552632
678,matchbox,r,11,5,11,5,1,0.454545,0.454545
679,mattress,f,354,72,354,72,1,0.203390,0.203390
680,measuring_cup,c,139,79,139,79,1,0.568345,0.568345
681,measuring_stick,c,57,32,57,32,1,0.561404,0.561404
682,meatball,c,174,102,174,102,1,0.586207,0.586207
683,medicine,c,243,98,243,98,1,0.403292,0.403292
684,melon,c,167,80,167,80,1,0.479042,0.479042
685,microphone,f,435,93,435,93,1,0.213793,0.213793
686,microscope,r,3,3,3,3,1,1.000000,1.000000
687,microwave_oven,f,1105,238,1105,238,1,0.215385,0.215385
688,milestone,r,5,3,5,3,1,0.600000,0.600000
689,milk,f,227,51,227,51,1,0.224670,0.224670
690,milk_can,r,8,8,8,8,1,1.000000,1.000000
691,milkshake,r,1,1,1,1,1,1.000000,1.000000
692,minivan,f,1046,157,1046,157,1,0.150096,0.150096
693,mint_candy,r,27,21,27,21,1,0.777778,0.777778
694,mirror,f,3490,608,3490,608,1,0.174212,0.174212
695,mitten,c,156,87,156,87,1,0.557692,0.557692
696,mixer_(kitchen_tool),c,108,63,108,63,1,0.583333,0.583333
697,money,c,122,68,122,68,1,0.557377,0.557377
698,monitor_(computer_equipment) computer_monitor,f,2955,657,2955,657,1,0.222335,0.222335
699,monkey,c,166,99,166,99,1,0.596386,0.596386
700,motor,f,985,157,985,157,1,0.159391,0.159391
701,motor_scooter,f,720,101,720,101,1,0.140278,0.140278
702,motor_vehicle,r,64,22,64,22,1,0.343750,0.343750
703,motorcycle,f,5247,790,5247,790,1,0.150562,0.150562
704,mound_(baseball),f,269,30,269,30,1,0.111524,0.111524
705,mouse_(computer_equipment),f,1832,370,1832,370,1,0.201965,0.201965
706,mousepad,f,333,71,333,71,1,0.213213,0.213213
707,muffin,c,352,207,352,207,1,0.588068,0.588068
708,mug,f,1785,411,1785,411,1,0.230252,0.230252
709,mushroom,f,6257,1315,6257,1315,1,0.210165,0.210165
710,music_stool,r,6,3,6,3,1,0.500000,0.500000
711,musical_instrument,c,33,20,33,20,1,0.606061,0.606061
712,nailfile,r,10,5,10,5,1,0.500000,0.500000
713,napkin,f,3979,833,3979,833,1,0.209349,0.209349
714,neckerchief,r,4,4,4,4,1,1.000000,1.000000
715,necklace,f,2709,524,2709,524,1,0.193429,0.193429
716,necktie,f,4069,739,4069,739,1,0.181617,0.181617
717,needle,c,61,40,61,40,1,0.655738,0.655738
718,nest,c,20,14,20,14,1,0.700000,0.700000
719,newspaper,f,1179,266,1179,266,1,0.225615,0.225615
720,newsstand,c,39,20,39,20,1,0.512821,0.512821
721,nightshirt,c,35,18,35,18,1,0.514286,0.514286
722,nosebag_(for_animals),r,4,3,4,3,1,0.750000,0.750000
723,noseband_(for_animals),c,120,69,120,69,1,0.575000,0.575000
724,notebook,f,290,65,290,65,1,0.224138,0.224138
725,notepad,c,187,109,187,109,1,0.582888,0.582888
726,nut,f,790,106,790,106,1,0.134177,0.134177
727,nutcracker,r,7,7,7,7,1,1.000000,1.000000
728,oar,f,488,88,488,88,1,0.180328,0.180328
729,octopus_(food),r,5,3,5,3,1,0.600000,0.600000
730,octopus_(animal),r,17,13,17,13,1,0.764706,0.764706
731,oil_lamp,c,28,20,28,20,1,0.714286,0.714286
732,olive_oil,c,36,21,36,21,1,0.583333,0.583333
733,omelet,r,10,5,10,5,1,0.500000,0.500000
734,onion,f,9779,1858,9779,1858,1,0.189999,0.189999
735,orange_(fruit),f,13034,2341,13034,2341,1,0.179607,0.179607
736,orange_juice,c,223,124,223,124,1,0.556054,0.556054
737,ostrich,c,71,41,71,41,1,0.577465,0.577465
738,ottoman,f,157,37,157,37,1,0.235669,0.235669
739,oven,f,929,223,929,223,1,0.240043,0.240043
740,overalls_(clothing),c,76,47,76,47,1,0.618421,0.618421
741,owl,c,73,42,73,42,1,0.575342,0.575342
742,packet,c,109,68,109,68,1,0.623853,0.623853
743,inkpad,r,12,10,12,10,1,0.833333,0.833333
744,pad,c,264,151,264,151,1,0.571970,0.571970
745,paddle,f,306,54,306,54,1,0.176471,0.176471
746,padlock,c,184,125,184,125,1,0.679348,0.679348
747,paintbrush,c,91,53,91,53,1,0.582418,0.582418
748,painting,f,2645,535,2645,535,1,0.202268,0.202268
749,pajamas,f,163,32,163,32,1,0.196319,0.196319
750,palette,c,68,43,68,43,1,0.632353,0.632353
751,pan_(for_cooking),f,643,141,643,141,1,0.219285,0.219285
752,pan_(metal_container),r,21,16,21,16,1,0.761905,0.761905
753,pancake,c,295,172,295,172,1,0.583051,0.583051
754,pantyhose,r,11,3,11,3,1,0.272727,0.272727
755,papaya,r,206,74,206,74,1,0.359223,0.359223
756,paper_plate,f,957,185,957,185,1,0.193312,0.193312
757,paper_towel,f,600,126,600,126,1,0.210000,0.210000
758,paperback_book,r,3,3,3,3,1,1.000000,1.000000
759,paperweight,r,4,4,4,4,1,1.000000,1.000000
760,parachute,c,61,33,61,33,1,0.540984,0.540984
761,parakeet,c,46,39,46,39,1,0.847826,0.847826
762,parasail_(sports),c,385,225,385,225,1,0.584416,0.584416
763,parasol,c,45,24,45,24,1,0.533333,0.533333
764,parchment,r,17,8,17,8,1,0.470588,0.470588
765,parka,c,89,45,89,45,1,0.505618,0.505618
766,parking_meter,f,1075,181,1075,181,1,0.168372,0.168372
767,parrot,c,76,42,76,42,1,0.552632,0.552632
768,passenger_car_(part_of_a_train),c,465,289,465,289,1,0.621505,0.621505
769,passenger_ship,r,1,1,1,1,1,1.000000,1.000000
770,passport,c,12,8,12,8,1,0.666667,0.666667
771,pastry,f,4972,1243,4972,1243,1,0.250000,0.250000
772,patty_(food),r,20,15,20,15,1,0.750000,0.750000
773,pea_(food),c,1869,1021,1869,1021,1,0.546281,0.546281
774,peach,c,1041,573,1041,573,1,0.550432,0.550432
775,peanut_butter,c,50,30,50,30,1,0.600000,0.600000
776,pear,f,1069,248,1069,248,1,0.231993,0.231993
777,peeler_(tool_for_fruit_and_vegetables),c,18,11,18,11,1,0.611111,0.611111
778,wooden_leg,r,1,1,1,1,1,1.000000,1.000000
779,pegboard,r,9,4,9,4,1,0.444444,0.444444
780,pelican,c,76,51,76,51,1,0.671053,0.671053
781,pen,f,987,226,987,226,1,0.228977,0.228977
782,pencil,f,543,142,543,142,1,0.261510,0.261510
783,pencil_box,r,2,2,2,2,1,1.000000,1.000000
784,pencil_sharpener,r,4,4,4,4,1,1.000000,1.000000
785,pendulum,r,18,13,18,13,1,0.722222,0.722222
786,penguin,c,229,130,229,130,1,0.567686,0.567686
787,pennant,r,235,132,235,132,1,0.561702,0.561702
788,penny_(coin),r,15,12,15,12,1,0.800000,0.800000
789,pepper,f,697,133,697,133,1,0.190818,0.190818
790,pepper_mill,c,91,53,91,53,1,0.582418,0.582418
791,perfume,c,28,16,28,16,1,0.571429,0.571429
792,persimmon,r,22,14,22,14,1,0.636364,0.636364
793,person,f,13439,2060,13439,2060,1,0.153285,0.153285
794,pet,c,103,71,103,71,1,0.689320,0.689320
795,pew_(church_bench),c,194,117,194,117,1,0.603093,0.603093
796,phonebook,r,24,10,24,10,1,0.416667,0.416667
797,phonograph_record,c,138,68,138,68,1,0.492754,0.492754
798,piano,f,126,25,126,25,1,0.198413,0.198413
799,pickle,f,632,127,632,127,1,0.200949,0.200949
800,pickup_truck,f,838,120,838,120,1,0.143198,0.143198
801,pie,c,228,135,228,135,1,0.592105,0.592105
802,pigeon,c,1850,1069,1850,1069,1,0.577838,0.577838
803,piggy_bank,r,5,4,5,4,1,0.800000,0.800000
804,pillow,f,6115,1160,6115,1160,1,0.189697,0.189697
805,pin_(non_jewelry),r,112,36,112,36,1,0.321429,0.321429
806,pineapple,f,1636,289,1636,289,1,0.176650,0.176650
807,pinecone,c,141,113,141,113,1,0.801418,0.801418
808,ping-pong_ball,r,4,2,4,2,1,0.500000,0.500000
809,pinwheel,r,172,172,172,172,1,1.000000,1.000000
810,tobacco_pipe,r,7,3,7,3,1,0.428571,0.428571
811,pipe,f,4762,868,4762,868,1,0.182276,0.182276
812,pistol,r,9,4,9,4,1,0.444444,0.444444
813,pita_(bread),c,28,16,28,16,1,0.571429,0.571429
814,pitcher_(vessel_for_liquid),f,488,94,488,94,1,0.192623,0.192623
815,pitchfork,r,4,3,4,3,1,0.750000,0.750000
816,pizza,f,4103,731,4103,731,1,0.178162,0.178162
817,place_mat,f,1123,234,1123,234,1,0.208370,0.208370
818,plate,f,5214,1150,5214,1150,1,0.220560,0.220560
819,platter,c,148,83,148,83,1,0.560811,0.560811
820,playpen,r,3,3,3,3,1,1.000000,1.000000
821,pliers,c,49,28,49,28,1,0.571429,0.571429
822,plow_(farm_equipment),r,12,4,12,4,1,0.333333,0.333333
823,plume,r,11,8,11,8,1,0.727273,0.727273
824,pocket_watch,r,20,18,20,18,1,0.900000,0.900000
825,pocketknife,c,21,12,21,12,1,0.571429,0.571429
826,poker_(fire_stirring_tool),c,34,19,34,19,1,0.558824,0.558824
827,pole,f,14276,2345,14276,2345,1,0.164262,0.164262
828,polo_shirt,f,1695,308,1695,308,1,0.181711,0.181711
829,poncho,r,14,7,14,7,1,0.500000,0.500000
830,pony,c,57,30,57,30,1,0.526316,0.526316
831,pool_table,r,10,3,10,3,1,0.300000,0.300000
832,pop_(soda),f,951,173,951,173,1,0.181914,0.181914
833,postbox_(public),c,57,35,57,35,1,0.614035,0.614035
834,postcard,c,276,111,276,111,1,0.402174,0.402174
835,poster,f,3378,647,3378,647,1,0.191533,0.191533
836,pot,f,1719,419,1719,419,1,0.243746,0.243746
837,flowerpot,f,3902,803,3902,803,1,0.205792,0.205792
838,potato,f,4393,1030,4393,1030,1,0.234464,0.234464
839,potholder,c,112,62,112,62,1,0.553571,0.553571
840,pottery,c,272,151,272,151,1,0.555147,0.555147
841,pouch,c,131,78,131,78,1,0.595420,0.595420
842,power_shovel,c,16,9,16,9,1,0.562500,0.562500
843,prawn,c,779,441,779,441,1,0.566110,0.566110
844,pretzel,c,179,104,179,104,1,0.581006,0.581006
845,printer,f,217,46,217,46,1,0.211982,0.211982
846,projectile_(weapon),c,64,38,64,38,1,0.593750,0.593750
847,projector,c,54,31,54,31,1,0.574074,0.574074
848,propeller,f,1458,215,1458,215,1,0.147462,0.147462
849,prune,r,8,8,8,8,1,1.000000,1.000000
850,pudding,r,2,2,2,2,1,1.000000,1.000000
851,puffer_(fish),r,2,2,2,2,1,1.000000,1.000000
852,puffin,r,4,4,4,4,1,1.000000,1.000000
853,pug-dog,r,13,6,13,6,1,0.461538,0.461538
854,pumpkin,c,1192,405,1192,405,1,0.339765,0.339765
855,puncher,r,6,6,6,6,1,1.000000,1.000000
856,puppet,r,18,16,18,16,1,0.888889,0.888889
857,puppy,c,57,32,57,32,1,0.561404,0.561404
858,quesadilla,r,6,6,6,6,1,1.000000,1.000000
859,quiche,r,33,20,33,20,1,0.606061,0.606061
860,quilt,f,513,86,513,86,1,0.167641,0.167641
861,rabbit,c,139,77,139,77,1,0.553957,0.553957
862,race_car,r,6,6,6,6,1,1.000000,1.000000
863,racket,c,64,36,64,36,1,0.562500,0.562500
864,radar,r,13,11,13,11,1,0.846154,0.846154
865,radiator,f,195,41,195,41,1,0.210256,0.210256
866,radio_receiver,c,123,72,123,72,1,0.585366,0.585366
867,radish,c,519,288,519,288,1,0.554913,0.554913
868,raft,c,66,37,66,37,1,0.560606,0.560606
869,rag_doll,r,3,3,3,3,1,1.000000,1.000000
870,raincoat,c,303,175,303,175,1,0.577558,0.577558
871,ram_(animal),c,132,82,132,82,1,0.621212,0.621212
872,raspberry,c,778,459,778,459,1,0.589974,0.589974
873,rat,r,6,3,6,3,1,0.500000,0.500000
874,razorblade,c,35,20,35,20,1,0.571429,0.571429
875,reamer_(juicer),c,26,16,26,16,1,0.615385,0.615385
876,rearview_mirror,f,3650,530,3650,530,1,0.145205,0.145205
877,receipt,c,89,49,89,49,1,0.550562,0.550562
878,recliner,c,28,17,28,17,1,0.607143,0.607143
879,record_player,c,22,13,22,13,1,0.590909,0.590909
880,reflector,f,3426,589,3426,589,1,0.171921,0.171921
881,remote_control,f,2467,438,2467,438,1,0.177544,0.177544
882,rhinoceros,c,50,29,50,29,1,0.580000,0.580000
883,rib_(food),r,32,10,32,10,1,0.312500,0.312500
884,rifle,c,37,24,37,24,1,0.648649,0.648649
885,ring,f,2314,465,2314,465,1,0.200951,0.200951
886,river_boat,r,3,3,3,3,1,1.000000,1.000000
887,road_map,r,3,3,3,3,1,1.000000,1.000000
888,robe,c,77,48,77,48,1,0.623377,0.623377
889,rocking_chair,c,70,44,70,44,1,0.628571,0.628571
890,rodent,r,2,2,2,2,1,1.000000,1.000000
891,roller_skate,r,35,18,35,18,1,0.514286,0.514286
892,Rollerblade,r,31,10,31,10,1,0.322581,0.322581
893,rolling_pin,c,52,30,52,30,1,0.576923,0.576923
894,root_beer,r,3,3,3,3,1,1.000000,1.000000
895,router_(computer_equipment),c,41,22,41,22,1,0.536585,0.536585
896,rubber_band,f,574,109,574,109,1,0.189895,0.189895
897,runner_(carpet),c,32,19,32,19,1,0.593750,0.593750
898,plastic_bag,f,3631,833,3631,833,1,0.229413,0.229413
899,saddle_(on_an_animal),f,955,179,955,179,1,0.187435,0.187435
900,saddle_blanket,f,648,111,648,111,1,0.171296,0.171296
901,saddlebag,c,56,32,56,32,1,0.571429,0.571429
902,safety_pin,r,15,7,15,7,1,0.466667,0.466667
903,sail,f,863,104,863,104,1,0.120510,0.120510
904,salad,f,171,32,171,32,1,0.187135,0.187135
905,salad_plate,r,6,6,6,6,1,1.000000,1.000000
906,salami,c,290,173,290,173,1,0.596552,0.596552
907,salmon_(fish),c,27,17,27,17,1,0.629630,0.629630
908,salmon_(food),r,14,7,14,7,1,0.500000,0.500000
909,salsa,c,22,13,22,13,1,0.590909,0.590909
910,saltshaker,f,543,122,543,122,1,0.224678,0.224678
911,sandal_(type_of_shoe),f,3145,594,3145,594,1,0.188871,0.188871
912,sandwich,f,2315,462,2315,462,1,0.199568,0.199568
913,satchel,r,3,3,3,3,1,1.000000,1.000000
914,saucepan,r,26,16,26,16,1,0.615385,0.615385
915,saucer,f,555,153,555,153,1,0.275676,0.275676
916,sausage,f,2704,413,2704,413,1,0.152737,0.152737
917,sawhorse,r,5,4,5,4,1,0.800000,0.800000
918,saxophone,r,13,5,13,5,1,0.384615,0.384615
919,scale_(measuring_instrument),f,178,41,178,41,1,0.230337,0.230337
920,scarecrow,r,4,4,4,4,1,1.000000,1.000000
921,scarf,f,1310,221,1310,221,1,0.168702,0.168702
922,school_bus,c,142,94,142,94,1,0.661972,0.661972
923,scissors,f,1376,304,1376,304,1,0.220930,0.220930
924,scoreboard,f,161,20,161,20,1,0.124224,0.124224
925,scraper,r,1,1,1,1,1,1.000000,1.000000
926,screwdriver,c,88,54,88,54,1,0.613636,0.613636
927,scrubbing_brush,f,141,23,141,23,1,0.163121,0.163121
928,sculpture,c,202,122,202,122,1,0.603960,0.603960
929,seabird,c,126,113,126,113,1,0.896825,0.896825
930,seahorse,c,23,10,23,10,1,0.434783,0.434783
931,seaplane,r,4,3,4,3,1,0.750000,0.750000
932,seashell,c,451,254,451,254,1,0.563193,0.563193
933,sewing_machine,c,11,7,11,7,1,0.636364,0.636364
934,shaker,c,24,13,24,13,1,0.541667,0.541667
935,shampoo,c,254,160,254,160,1,0.629921,0.629921
936,shark,c,20,12,20,12,1,0.600000,0.600000
937,sharpener,r,7,3,7,3,1,0.428571,0.428571
938,Sharpie,r,5,5,5,5,1,1.000000,1.000000
939,shaver_(electric),r,12,5,12,5,1,0.416667,0.416667
940,shaving_cream,c,33,20,33,20,1,0.606061,0.606061
941,shawl,r,9,3,9,3,1,0.333333,0.333333
942,shears,r,38,35,38,35,1,0.921053,0.921053
943,sheep,f,13304,2247,13304,2247,1,0.168897,0.168897
944,shepherd_dog,r,2,2,2,2,1,1.000000,1.000000
945,sherbert,r,2,2,2,2,1,1.000000,1.000000
946,shield,c,41,22,41,22,1,0.536585,0.536585
947,shirt,f,10177,1781,10177,1781,1,0.175002,0.175002
948,shoe,f,9374,1638,9374,1638,1,0.174739,0.174739
949,shopping_bag,f,377,59,377,59,1,0.156499,0.156499
950,shopping_cart,c,90,52,90,52,1,0.577778,0.577778
951,short_pants,f,5305,837,5305,837,1,0.157776,0.157776
952,shot_glass,r,24,16,24,16,1,0.666667,0.666667
953,shoulder_bag,f,331,51,331,51,1,0.154079,0.154079
954,shovel,c,110,65,110,65,1,0.590909,0.590909
955,shower_head,f,450,82,450,82,1,0.182222,0.182222
956,shower_cap,r,1,1,1,1,1,1.000000,1.000000
957,shower_curtain,f,479,85,479,85,1,0.177453,0.177453
958,shredder_(for_paper),r,6,3,6,3,1,0.500000,0.500000
959,signboard,f,8091,1309,8091,1309,1,0.161785,0.161785
960,silo,c,95,52,95,52,1,0.547368,0.547368
961,sink,f,2182,371,2182,371,1,0.170027,0.170027
962,skateboard,f,3597,528,3597,528,1,0.146789,0.146789
963,skewer,c,81,53,81,53,1,0.654321,0.654321
964,ski,f,8496,1132,8496,1132,1,0.133239,0.133239
965,ski_boot,f,8124,1117,8124,1117,1,0.137494,0.137494
966,ski_parka,f,1727,215,1727,215,1,0.124493,0.124493
967,ski_pole,f,8263,1129,8263,1129,1,0.136633,0.136633
968,skirt,f,1784,305,1784,305,1,0.170964,0.170964
969,skullcap,r,1,1,1,1,1,1.000000,1.000000
970,sled,c,102,60,102,60,1,0.588235,0.588235
971,sleeping_bag,c,33,19,33,19,1,0.575758,0.575758
972,sling_(bandage),r,1,1,1,1,1,1.000000,1.000000
973,slipper_(footwear),c,121,68,121,68,1,0.561983,0.561983
974,smoothie,r,53,3,53,3,1,0.056604,0.056604
975,snake,r,16,11,16,11,1,0.687500,0.687500
976,snowboard,f,2119,282,2119,282,1,0.133082,0.133082
977,snowman,c,61,34,61,34,1,0.557377,0.557377
978,snowmobile,c,23,14,23,14,1,0.608696,0.608696
979,soap,f,895,168,895,168,1,0.187709,0.187709
980,soccer_ball,f,670,102,670,102,1,0.152239,0.152239
981,sock,f,6866,1138,6866,1138,1,0.165744,0.165744
982,sofa,f,2408,491,2408,491,1,0.203904,0.203904
983,softball,r,5,3,5,3,1,0.600000,0.600000
984,solar_array,c,52,32,52,32,1,0.615385,0.615385
985,sombrero,r,22,10,22,10,1,0.454545,0.454545
986,soup,f,193,42,193,42,1,0.217617,0.217617
987,soup_bowl,r,2,2,2,2,1,1.000000,1.000000
988,soupspoon,c,44,26,44,26,1,0.590909,0.590909
989,sour_cream,c,49,25,49,25,1,0.510204,0.510204
990,soya_milk,r,2,2,2,2,1,1.000000,1.000000
991,space_shuttle,r,10,3,10,3,1,0.300000,0.300000
992,sparkler_(fireworks),r,12,4,12,4,1,0.333333,0.333333
993,spatula,f,508,125,508,125,1,0.246063,0.246063
994,spear,r,9,4,9,4,1,0.444444,0.444444
995,spectacles,f,3040,594,3040,594,1,0.195395,0.195395
996,spice_rack,c,54,30,54,30,1,0.555556,0.555556
997,spider,c,19,11,19,11,1,0.578947,0.578947
998,crawfish,r,5,5,5,5,1,1.000000,1.000000
999,sponge,c,116,70,116,70,1,0.603448,0.603448
1000,spoon,f,2111,556,2111,556,1,0.263382,0.263382
1001,sportswear,c,85,50,85,50,1,0.588235,0.588235
1002,spotlight,c,403,254,403,254,1,0.630273,0.630273
1003,squid_(food),r,6,6,6,6,1,1.000000,1.000000
1004,squirrel,c,19,13,19,13,1,0.684211,0.684211
1005,stagecoach,r,1,1,1,1,1,1.000000,1.000000
1006,stapler_(stapling_machine),c,68,39,68,39,1,0.573529,0.573529
1007,starfish,c,28,18,28,18,1,0.642857,0.642857
1008,statue_(sculpture),f,1934,387,1934,387,1,0.200103,0.200103
1009,steak_(food),c,139,84,139,84,1,0.604317,0.604317
1010,steak_knife,r,1,1,1,1,1,1.000000,1.000000
1011,steering_wheel,f,901,147,901,147,1,0.163152,0.163152
1012,stepladder,r,5,3,5,3,1,0.600000,0.600000
1013,step_stool,c,43,24,43,24,1,0.558140,0.558140
1014,stereo_(sound_system),c,77,45,77,45,1,0.584416,0.584416
1015,stew,r,7,5,7,5,1,0.714286,0.714286
1016,stirrer,r,18,3,18,3,1,0.166667,0.166667
1017,stirrup,f,625,109,625,109,1,0.174400,0.174400
1018,stool,f,583,103,583,103,1,0.176672,0.176672
1019,stop_sign,f,1349,190,1349,190,1,0.140845,0.140845
1020,brake_light,f,1334,178,1334,178,1,0.133433,0.133433
1021,stove,f,1133,254,1133,254,1,0.224184,0.224184
1022,strainer,c,99,57,99,57,1,0.575758,0.575758
1023,strap,f,7435,1412,7435,1412,1,0.189913,0.189913
1024,straw_(for_drinking),f,1154,200,1154,200,1,0.173310,0.173310
1025,strawberry,f,4386,1028,4386,1028,1,0.234382,0.234382
1026,street_sign,f,8350,1210,8350,1210,1,0.144910,0.144910
1027,streetlight,f,7381,1049,7381,1049,1,0.142122,0.142122
1028,string_cheese,r,1,1,1,1,1,1.000000,1.000000
1029,stylus,r,11,5,11,5,1,0.454545,0.454545
1030,subwoofer,r,1,1,1,1,1,1.000000,1.000000
1031,sugar_bowl,r,10,3,10,3,1,0.300000,0.300000
1032,sugarcane_(plant),r,31,31,31,31,1,1.000000,1.000000
1033,suit_(clothing),f,461,85,461,85,1,0.184382,0.184382
1034,sunflower,c,618,369,618,369,1,0.597087,0.597087
1035,sunglasses,f,5603,1016,5603,1016,1,0.181331,0.181331
1036,sunhat,c,170,106,170,106,1,0.623529,0.623529
1037,surfboard,f,3835,574,3835,574,1,0.149674,0.149674
1038,sushi,c,337,170,337,170,1,0.504451,0.504451
1039,mop,c,22,12,22,12,1,0.545455,0.545455
1040,sweat_pants,c,56,30,56,30,1,0.535714,0.535714
1041,sweatband,c,145,88,145,88,1,0.606897,0.606897
1042,sweater,f,1894,350,1894,350,1,0.184794,0.184794
1043,sweatshirt,f,1482,239,1482,239,1,0.161269,0.161269
1044,sweet_potato,c,137,84,137,84,1,0.613139,0.613139
1045,swimsuit,f,3141,469,3141,469,1,0.149316,0.149316
1046,sword,c,72,41,72,41,1,0.569444,0.569444
1047,syringe,r,14,7,14,7,1,0.500000,0.500000
1048,Tabasco_sauce,r,5,3,5,3,1,0.600000,0.600000
1049,table-tennis_table,r,5,3,5,3,1,0.600000,0.600000
1050,table,f,2804,560,2804,560,1,0.199715,0.199715
1051,table_lamp,c,81,48,81,48,1,0.592593,0.592593
1052,tablecloth,f,2496,559,2496,559,1,0.223958,0.223958
1053,tachometer,r,10,5,10,5,1,0.500000,0.500000
1054,taco,r,21,21,21,21,1,1.000000,1.000000
1055,tag,f,7550,1363,7550,1363,1,0.180530,0.180530
1056,taillight,f,9222,1477,9222,1477,1,0.160160,0.160160
1057,tambourine,r,1,1,1,1,1,1.000000,1.000000
1058,army_tank,r,7,5,7,5,1,0.714286,0.714286
1059,tank_(storage_vessel),f,304,57,304,57,1,0.187500,0.187500
1060,tank_top_(clothing),f,1799,333,1799,333,1,0.185103,0.185103
1061,tape_(sticky_cloth_or_paper),f,560,146,560,146,1,0.260714,0.260714
1062,tape_measure,c,35,21,35,21,1,0.600000,0.600000
1063,tapestry,c,29,18,29,18,1,0.620690,0.620690
1064,tarp,f,1315,236,1315,236,1,0.179468,0.179468
1065,tartan,c,68,40,68,40,1,0.588235,0.588235
1066,tassel,c,276,161,276,161,1,0.583333,0.583333
1067,tea_bag,c,42,20,42,20,1,0.476190,0.476190
1068,teacup,c,152,91,152,91,1,0.598684,0.598684
1069,teakettle,c,40,25,40,25,1,0.625000,0.625000
1070,teapot,f,209,45,209,45,1,0.215311,0.215311
1071,teddy_bear,f,4886,1023,4886,1023,1,0.209374,0.209374
1072,telephone,f,945,207,945,207,1,0.219048,0.219048
1073,telephone_booth,c,62,35,62,35,1,0.564516,0.564516
1074,telephone_pole,f,3725,567,3725,567,1,0.152215,0.152215
1075,telephoto_lens,r,1,1,1,1,1,1.000000,1.000000
1076,television_camera,c,117,70,117,70,1,0.598291,0.598291
1077,television_set,f,2205,475,2205,475,1,0.215420,0.215420
1078,tennis_ball,f,2835,510,2835,510,1,0.179894,0.179894
1079,tennis_racket,f,3035,478,3035,478,1,0.157496,0.157496
1080,tequila,r,2,2,2,2,1,1.000000,1.000000
1081,thermometer,c,33,19,33,19,1,0.575758,0.575758
1082,thermos_bottle,c,49,28,49,28,1,0.571429,0.571429
1083,thermostat,f,153,30,153,30,1,0.196078,0.196078
1084,thimble,r,6,5,6,5,1,0.833333,0.833333
1085,thread,c,320,201,320,201,1,0.628125,0.628125
1086,thumbtack,c,224,140,224,140,1,0.625000,0.625000
1087,tiara,c,31,17,31,17,1,0.548387,0.548387
1088,tiger,c,67,35,67,35,1,0.522388,0.522388
1089,tights_(clothing),c,45,26,45,26,1,0.577778,0.577778
1090,timer,c,62,36,62,36,1,0.580645,0.580645
1091,tinfoil,f,421,79,421,79,1,0.187648,0.187648
1092,tinsel,c,70,29,70,29,1,0.414286,0.414286
1093,tissue_paper,f,587,109,587,109,1,0.185690,0.185690
1094,toast_(food),c,125,67,125,67,1,0.536000,0.536000
1095,toaster,f,240,55,240,55,1,0.229167,0.229167
1096,toaster_oven,f,114,27,114,27,1,0.236842,0.236842
1097,toilet,f,2295,378,2295,378,1,0.164706,0.164706
1098,toilet_tissue,f,1683,278,1683,278,1,0.165181,0.165181
1099,tomato,f,12338,2873,12338,2873,1,0.232858,0.232858
1100,tongs,f,294,61,294,61,1,0.207483,0.207483
1101,toolbox,c,39,23,39,23,1,0.589744,0.589744
1102,toothbrush,f,1683,296,1683,296,1,0.175876,0.175876
1103,toothpaste,f,326,57,326,57,1,0.174847,0.174847
1104,toothpick,f,423,87,423,87,1,0.205674,0.205674
1105,cover,f,306,64,306,64,1,0.209150,0.209150
1106,tortilla,c,135,78,135,78,1,0.577778,0.577778
1107,tow_truck,c,45,28,45,28,1,0.622222,0.622222
1108,towel,f,2212,374,2212,374,1,0.169078,0.169078
1109,towel_rack,f,987,166,987,166,1,0.168186,0.168186
1110,toy,f,6756,1462,6756,1462,1,0.216400,0.216400
1111,tractor_(farm_equipment),c,80,47,80,47,1,0.587500,0.587500
1112,traffic_light,f,7298,1028,7298,1028,1,0.140861,0.140861
1113,dirt_bike,c,47,29,47,29,1,0.617021,0.617021
1114,trailer_truck,f,297,41,297,41,1,0.138047,0.138047
1115,train_(railroad_vehicle),f,2192,345,2192,345,1,0.157391,0.157391
1116,trampoline,r,7,3,7,3,1,0.428571,0.428571
1117,tray,f,2397,555,2397,555,1,0.231539,0.231539
1118,trench_coat,r,16,9,16,9,1,0.562500,0.562500
1119,triangle_(musical_instrument),r,1,1,1,1,1,1.000000,1.000000
1120,tricycle,c,15,8,15,8,1,0.533333,0.533333
1121,tripod,f,132,28,132,28,1,0.212121,0.212121
1122,trousers,f,7806,1355,7806,1355,1,0.173584,0.173584
1123,truck,f,1797,290,1797,290,1,0.161380,0.161380
1124,truffle_(chocolate),r,4,4,4,4,1,1.000000,1.000000
1125,trunk,c,334,170,334,170,1,0.508982,0.508982
1126,vat,r,15,15,15,15,1,1.000000,1.000000
1127,turban,c,124,74,124,74,1,0.596774,0.596774
1128,turkey_(food),c,120,73,120,73,1,0.608333,0.608333
1129,turnip,r,109,49,109,49,1,0.449541,0.449541
1130,turtle,c,31,17,31,17,1,0.548387,0.548387
1131,turtleneck_(clothing),c,13,6,13,6,1,0.461538,0.461538
1132,typewriter,c,14,8,14,8,1,0.571429,0.571429
1133,umbrella,f,9161,1356,9161,1356,1,0.148019,0.148019
1134,underwear,f,164,30,164,30,1,0.182927,0.182927
1135,unicycle,r,2,2,2,2,1,1.000000,1.000000
1136,urinal,f,381,48,381,48,1,0.125984,0.125984
1137,urn,c,81,80,81,80,1,0.987654,0.987654
1138,vacuum_cleaner,c,38,22,38,22,1,0.578947,0.578947
1139,vase,f,4971,1005,4971,1005,1,0.202173,0.202173
1140,vending_machine,c,65,37,65,37,1,0.569231,0.569231
1141,vent,f,3370,611,3370,611,1,0.181306,0.181306
1142,vest,f,1313,228,1313,228,1,0.173648,0.173648
1143,videotape,c,228,137,228,137,1,0.600877,0.600877
1144,vinegar,r,1,1,1,1,1,1.000000,1.000000
1145,violin,r,10,3,10,3,1,0.300000,0.300000
1146,vodka,r,3,3,3,3,1,1.000000,1.000000
1147,volleyball,c,33,18,33,18,1,0.545455,0.545455
1148,vulture,r,16,11,16,11,1,0.687500,0.687500
1149,waffle,c,61,33,61,33,1,0.540984,0.540984
1150,waffle_iron,r,4,3,4,3,1,0.750000,0.750000
1151,wagon,c,121,71,121,71,1,0.586777,0.586777
1152,wagon_wheel,c,209,122,209,122,1,0.583732,0.583732
1153,walking_stick,c,21,13,21,13,1,0.619048,0.619048
1154,wall_clock,c,100,56,100,56,1,0.560000,0.560000
1155,wall_socket,f,3069,609,3069,609,1,0.198436,0.198436
1156,wallet,f,123,28,123,28,1,0.227642,0.227642
1157,walrus,r,1,1,1,1,1,1.000000,1.000000
1158,wardrobe,r,1,1,1,1,1,1.000000,1.000000
1159,washbasin,r,15,7,15,7,1,0.466667,0.466667
1160,automatic_washer,c,68,38,68,38,1,0.558824,0.558824
1161,watch,f,2703,494,2703,494,1,0.182760,0.182760
1162,water_bottle,f,1449,268,1449,268,1,0.184955,0.184955
1163,water_cooler,c,39,23,39,23,1,0.589744,0.589744
1164,water_faucet,c,109,64,109,64,1,0.587156,0.587156
1165,water_heater,r,7,3,7,3,1,0.428571,0.428571
1166,water_jug,c,23,10,23,10,1,0.434783,0.434783
1167,water_gun,r,1,1,1,1,1,1.000000,1.000000
1168,water_scooter,c,54,32,54,32,1,0.592593,0.592593
1169,water_ski,c,98,54,98,54,1,0.551020,0.551020
1170,water_tower,c,60,34,60,34,1,0.566667,0.566667
1171,watering_can,c,44,28,44,28,1,0.636364,0.636364
1172,watermelon,f,814,179,814,179,1,0.219902,0.219902
1173,weathervane,f,237,39,237,39,1,0.164557,0.164557
1174,webcam,c,27,16,27,16,1,0.592593,0.592593
1175,wedding_cake,c,140,86,140,86,1,0.614286,0.614286
1176,wedding_ring,c,49,28,49,28,1,0.571429,0.571429
1177,wet_suit,f,2907,399,2907,399,1,0.137255,0.137255
1178,wheel,f,11272,1877,11272,1877,1,0.166519,0.166519
1179,wheelchair,c,107,64,107,64,1,0.598131,0.598131
1180,whipped_cream,c,201,118,201,118,1,0.587065,0.587065
1181,whistle,c,13,8,13,8,1,0.615385,0.615385
1182,wig,c,69,41,69,41,1,0.594203,0.594203
1183,wind_chime,c,28,16,28,16,1,0.571429,0.571429
1184,windmill,c,202,121,202,121,1,0.599010,0.599010
1185,window_box_(for_plants),c,253,144,253,144,1,0.569170,0.569170
1186,windshield_wiper,f,4793,732,4793,732,1,0.152723,0.152723
1187,windsock,c,26,15,26,15,1,0.576923,0.576923
1188,wine_bottle,f,4449,749,4449,749,1,0.168352,0.168352
1189,wine_bucket,c,21,13,21,13,1,0.619048,0.619048
1190,wineglass,f,4259,845,4259,845,1,0.198403,0.198403
1191,blinder_(for_horses),f,271,64,271,64,1,0.236162,0.236162
1192,wok,c,60,36,60,36,1,0.600000,0.600000
1193,wolf,r,16,14,16,14,1,0.875000,0.875000
1194,wooden_spoon,c,123,69,123,69,1,0.560976,0.560976
1195,wreath,c,119,72,119,72,1,0.605042,0.605042
1196,wrench,c,80,47,80,47,1,0.587500,0.587500
1197,wristband,f,268,40,268,40,1,0.149254,0.149254
1198,wristlet,f,1330,212,1330,212,1,0.159398,0.159398
1199,yacht,c,50,24,50,24,1,0.480000,0.480000
1200,yogurt,c,116,66,116,66,1,0.568966,0.568966
1201,yoke_(animal_equipment),c,20,14,20,14,1,0.700000,0.700000
1202,zebra,f,5443,752,5443,752,1,0.138159,0.138159
1203,zucchini,c,798,480,798,480,1,0.601504,0.601504
