category_id,name,tier,ann_count,img_count,prevalence,avg_instances_per_img_for_class
45,banana,f,50552,1787,0.01783967255665369,28.288752098489088
127,book,f,33353,1903,0.01899770390336428,17.52653704676826
217,carrot,f,18049,1222,0.01219926125586503,14.770049099836333
12,apple,f,17451,1207,0.012049515823100728,14.458160729080365
827,pole,f,14276,1890,0.018867924528301886,7.553439153439154
793,person,f,13439,1928,0.019247279624638115,6.970435684647303
943,sheep,f,13304,951,0.009493860437256663,13.989484752891693
735,orange_(fruit),f,13034,824,0.008226015773185585,15.817961165048544
1099,tomato,f,12338,1213,0.012109413996206448,10.171475680131904
154,broccoli,f,12166,1309,0.013067784765897974,9.294117647058824
387,doughnut,f,11911,1008,0.010062893081761006,11.816468253968255
99,bird,f,11557,1821,0.018179095537586103,6.346512904997255
232,chair,f,11549,1927,0.01923729659578716,5.993253762324858
1178,wheel,f,11272,1924,0.0192073475092343,5.858627858627859
125,bolt,f,11261,1510,0.015074373564939602,7.457615894039735
611,kite,f,11174,1689,0.016861335729260258,6.615748963883955
207,car_(automobile),f,10528,1926,0.01922731356693621,5.466251298026999
947,shirt,f,10177,1942,0.019387042028551463,5.240473738414006
118,boat,f,9981,1758,0.01755016471997604,5.677474402730375
734,onion,f,9779,647,0.006459019666566836,15.114374034003092
948,shoe,f,9374,1916,0.019127483278426675,4.892484342379959
1056,taillight,f,9222,1885,0.01881800938404712,4.892307692307693
1133,umbrella,f,9161,1924,0.0192073475092343,4.761434511434511
59,baseball_cap,f,9028,1934,0.019307177797743835,4.668045501551189
36,suitcase,f,8537,1623,0.016202455825097335,5.260012322858903
964,ski,f,8496,1926,0.01922731356693621,4.411214953271028
617,knob,f,8432,1567,0.015643406209443947,5.380982769623484
1026,street_sign,f,8350,1911,0.01907756813417191,4.369440083725798
540,handle,f,8314,1886,0.01882799241289807,4.408271474019088
967,ski_pole,f,8263,1968,0.01964660077867625,4.1986788617886175
965,ski_boot,f,8124,1789,0.017859638614355595,4.5410844046953605
595,jersey,f,8117,1945,0.019416991115104323,4.173264781491002
959,signboard,f,8091,1826,0.01822901068184087,4.430996714129244
80,cow,f,8085,1420,0.014175900968353798,5.693661971830986
589,jacket,f,8013,1872,0.018688230008984726,4.280448717948718
133,bottle,f,7969,1901,0.018977737845662375,4.192004208311415
390,drawer,f,7927,1942,0.019387042028551463,4.081874356333676
177,button,f,7884,1884,0.018808026355196166,4.1847133757961785
143,box,f,7855,1828,0.018248976739542778,4.297045951859956
1122,trousers,f,7806,1909,0.01905760207647,4.089051859612362
1055,tag,f,7550,1562,0.015593491065189178,4.833546734955186
1023,strap,f,7435,1881,0.018778077268643306,3.9526847421584264
1027,streetlight,f,7381,1765,0.017620045921932715,4.1818696883852695
181,cabinet,f,7371,1659,0.016561844863731655,4.443037974683544
653,log,f,7363,1167,0.011650194669062594,6.309340188517567
549,headlight,f,7326,1843,0.018398722172307078,3.9750406945198047
1112,traffic_light,f,7298,1890,0.018867924528301886,3.8613756613756616
544,hat,f,7213,1932,0.01928721174004193,3.7334368530020705
351,cushion,f,7174,1240,0.01237895577518219,5.785483870967742
645,lightbulb,f,7075,861,0.008595387840670859,8.217189314750291
451,flag,f,7007,1908,0.01904761904761905,3.6724318658280923
330,crossbar,f,6991,1027,0.01025257062992912,6.807205452775073
981,sock,f,6866,1945,0.019416991115104323,3.530077120822622
1110,toy,f,6756,1149,0.011470500149745433,5.879895561357702
150,bread,f,6550,1567,0.015643406209443947,4.1799617102744095
498,glass_(drink_container),f,6420,1920,0.01916741539383049,3.34375
510,grape,f,6377,233,0.002326045722272137,27.369098712446352
709,mushroom,f,6257,407,0.004063092742338025,15.373464373464374
804,pillow,f,6115,1912,0.01908755116302286,3.198221757322176
500,glove,f,5951,1890,0.018867924528301886,3.1486772486772487
50,banner,f,5907,1470,0.014675052410901468,4.018367346938776
659,magnet,f,5638,334,0.0033343316362184285,16.880239520958085
1035,sunglasses,f,5603,1931,0.019277228711190975,2.901605385810461
641,lettuce,f,5500,705,0.007038035339922133,7.801418439716312
1202,zebra,f,5443,1674,0.016711590296495958,3.251493428912784
592,jean,f,5421,1927,0.01923729659578716,2.8131811105345097
422,elephant,f,5325,1878,0.018748128182090446,2.8354632587859423
139,bowl,f,5308,1922,0.019187381451532395,2.761706555671176
951,short_pants,f,5305,1969,0.019656583807527203,2.6942610462163534
204,bottle_cap,f,5293,1135,0.011330737745832086,4.663436123348018
559,hinge,f,5283,1635,0.016322252171308775,3.231192660550459
703,motorcycle,f,5247,1720,0.017170809623639812,3.050581395348837
818,plate,f,5214,1932,0.01928721174004193,2.698757763975155
771,pastry,f,4972,228,0.0022761305780173704,21.80701754385965
1139,vase,f,4971,1866,0.018628331835879006,2.6639871382636655
1071,teddy_bear,f,4886,1413,0.014106019766397125,3.4578910120311392
556,helmet,f,4845,1905,0.019017669961066186,2.543307086614173
1186,windshield_wiper,f,4793,1838,0.018348807028052312,2.6077257889009795
811,pipe,f,4762,1413,0.014106019766397125,3.370134465675867
569,horse,f,4744,1904,0.019007686932215235,2.491596638655462
344,cup,f,4637,1521,0.01518418688230009,3.0486522024983564
94,bicycle,f,4566,1852,0.018488569431965658,2.4654427645788335
350,curtain,f,4506,1890,0.018867924528301886,2.384126984126984
1188,wine_bottle,f,4449,531,0.005300988319856244,8.378531073446327
838,potato,f,4393,307,0.0030647898572426875,14.309446254071661
642,license_plate,f,4392,1900,0.01896775481681142,2.311578947368421
1025,strawberry,f,4386,333,0.0033243486073674753,13.17117117117117
90,bench,f,4374,1922,0.019187381451532395,2.275754422476587
87,bell_pepper,f,4369,333,0.0033243486073674753,13.12012012012012
194,candle,f,4288,1132,0.011300788659279226,3.7879858657243815
29,awning,f,4270,1395,0.013926325247079964,3.060931899641577
1190,wineglass,f,4259,941,0.00939403014874713,4.526036131774708
132,boot,f,4194,1406,0.014036138564440451,2.9829302987197726
277,coat,f,4145,746,0.007447339522811221,5.556300268096515
626,lamp,f,4139,1802,0.01798941798941799,2.296892341842397
816,pizza,f,4103,1881,0.018778077268643306,2.181286549707602
298,cone,f,4081,1010,0.010082859139462913,4.04059405940594
385,doorknob,f,4072,1710,0.017070979335130278,2.3812865497076023
716,necktie,f,4069,1940,0.019367075970849554,2.0974226804123712
61,basket,f,3984,1622,0.01619247279624638,2.4562268803945746
713,napkin,f,3979,1791,0.017879604672057504,2.2216638749302065
461,flower_arrangement,f,3960,1779,0.01775980832584606,2.2259696458684655
35,handbag,f,3947,1859,0.018558450633922332,2.1231845077998925
496,giraffe,f,3923,1877,0.01873814515323949,2.090037293553543
34,backpack,f,3907,1905,0.019017669961066186,2.0509186351706035
837,flowerpot,f,3902,1404,0.014016172506738544,2.7792022792022792
1037,surfboard,f,3835,1895,0.018917839672556655,2.0237467018469655
1074,telephone_pole,f,3725,1015,0.01013277428371768,3.6699507389162562
3,airplane,f,3720,1911,0.01907756813417191,1.946624803767661
88,belt,f,3683,1941,0.01937705899970051,1.8974755280783102
876,rearview_mirror,f,3650,1115,0.011131077168813017,3.273542600896861
898,plastic_bag,f,3631,1469,0.014665069382050514,2.4717494894486043
962,skateboard,f,3597,1967,0.019636617749825298,1.8286731062531774
615,knife,f,3515,1868,0.018648297893580912,1.88169164882227
694,mirror,f,3490,1901,0.018977737845662375,1.835875854813256
880,reflector,f,3426,665,0.006638714185883997,5.15187969924812
835,poster,f,3378,808,0.00806628731157033,4.180693069306931
1141,vent,f,3370,1468,0.014655086353199561,2.295640326975477
173,bus_(vehicle),f,3281,1808,0.01804931616252371,1.814712389380531
146,bracelet,f,3219,1668,0.016651692123390238,1.9298561151079137
502,goggles,f,3202,1530,0.015274034141958671,2.09281045751634
430,faucet,f,3185,1907,0.019037636018768095,1.670162558993183
911,sandal_(type_of_shoe),f,3145,1023,0.010212638514525307,3.0742913000977516
1045,swimsuit,f,3141,825,0.008235998802036537,3.807272727272727
469,fork,f,3137,1861,0.018578416691624237,1.6856528747984953
110,blanket,f,3075,1671,0.016681641209943098,1.8402154398563735
411,earring,f,3070,1898,0.018947788759109515,1.6174920969441517
1155,wall_socket,f,3069,1855,0.018518518518518517,1.6544474393530997
995,spectacles,f,3040,1969,0.019656583807527203,1.5439309294057897
1079,tennis_racket,f,3035,1977,0.019736448038334832,1.5351542741527566
338,crumb,f,3021,249,0.0024857741838873915,12.132530120481928
297,condiment,f,2985,717,0.007157831686133573,4.163179916317992
676,mast,f,2985,354,0.0035339922132374964,8.432203389830509
698,monitor_(computer_equipment) computer_monitor,f,2955,1402,0.013996206449036638,2.107703281027104
1177,wet_suit,f,2907,1469,0.014665069382050514,1.9788972089857046
230,cellular_telephone,f,2902,1895,0.018917839672556655,1.5313984168865435
631,laptop_computer,f,2852,1846,0.018428671258859938,1.5449620801733477
392,dress,f,2842,1488,0.014854746930218628,1.9099462365591398
1078,tennis_ball,f,2835,1302,0.0129979035639413,2.1774193548387095
1050,table,f,2804,1860,0.018568433662773286,1.5075268817204301
296,computer_keyboard,f,2745,1871,0.018678246980133772,1.467129877071085
23,trash_can,f,2722,1883,0.01879804332634521,1.4455655868295274
715,necklace,f,2709,1915,0.01911750024957572,1.414621409921671
916,sausage,f,2704,221,0.002206249376060697,12.235294117647058
1161,watch,f,2703,1923,0.01919736448038335,1.405616224648986
58,baseball_bat,f,2698,1799,0.01795946890286513,1.499722067815453
378,dog,f,2684,1938,0.01934710991314765,1.3849329205366356
271,clock,f,2677,1844,0.018408705201158032,1.4517353579175705
748,painting,f,2645,1036,0.010342417889587702,2.5530888030888033
514,green_bean,f,2571,124,0.001237895577518219,20.733870967741936
60,baseball_glove,f,2536,1609,0.016062693421183986,1.5761342448725917
1052,tablecloth,f,2496,1582,0.015793151642208247,1.5777496839443743
628,lampshade,f,2475,1210,0.012079464909653588,2.0454545454545454
189,camera,f,2471,1391,0.013886393131676151,1.7764198418404027
881,remote_control,f,2467,1096,0.010941399620644904,2.250912408759124
982,sofa,f,2408,1899,0.018957771787960466,1.2680358083201686
1117,tray,f,2397,943,0.009413996206449036,2.5418875927889713
225,cat,f,2387,1918,0.01914744933612858,1.2445255474452555
474,frisbee,f,2332,1767,0.01764001197963462,1.3197509903791738
912,sandwich,f,2315,782,0.007806728561445543,2.9603580562659846
885,ring,f,2314,1622,0.01619247279624638,1.4266337854500617
183,cake,f,2297,834,0.008325846061695119,2.7541966426858515
1097,toilet,f,2295,1925,0.019217330538085255,1.1922077922077923
627,lamppost,f,2234,595,0.005939902166317261,3.754621848739496
1108,towel,f,2212,636,0.006349206349206349,3.4779874213836477
1077,television_set,f,2205,1900,0.01896775481681142,1.1605263157894736
1115,train_(railroad_vehicle),f,2192,1517,0.015144254766896277,1.4449571522742255
961,sink,f,2182,1635,0.016322252171308775,1.3345565749235473
639,lemon,f,2168,341,0.0034042128381751025,6.357771260997067
77,bed,f,2137,1765,0.017620045921932715,1.2107648725212465
976,snowboard,f,2119,1124,0.011220924428471599,1.8852313167259787
116,blueberry,f,2114,104,0.0010382350004991515,20.326923076923077
1000,spoon,f,2111,1127,0.011250873515024459,1.873114463176575
655,speaker_(stero_equipment),f,2029,994,0.009923130677847659,2.041247484909457
591,jar,f,2002,423,0.0042228212039532795,4.732860520094563
1008,statue_(sculpture),f,1934,655,0.0065388838973744635,2.952671755725191
303,cookie,f,1920,166,0.001657182789258261,11.566265060240964
75,beanie,f,1907,605,0.006039732454826794,3.152066115702479
1042,sweater,f,1894,962,0.00960367375461715,1.9688149688149688
309,edible_corn,f,1883,133,0.0013277428371767995,14.157894736842104
773,pea_(food),c,1869,76,0.0007587101926724568,24.592105263157894
802,pigeon,c,1850,87,0.000868523510032944,21.264367816091955
324,crate,f,1832,245,0.002445842068483578,7.477551020408163
705,mouse_(computer_equipment),f,1832,1337,0.013347309573724668,1.3702318623784593
1060,tank_top_(clothing),f,1799,1094,0.010921433562942997,1.6444241316270567
1123,truck,f,1797,800,0.007986423080762703,2.24625
358,deck_chair,f,1787,236,0.0023559948088249976,7.572033898305085
708,mug,f,1785,814,0.00812618548467605,2.192874692874693
968,skirt,f,1784,1167,0.011650194669062594,1.528706083976007
169,bun,f,1780,642,0.006409104522312069,2.7725856697819315
299,control,f,1775,679,0.006778476589797345,2.614138438880707
528,ham,f,1765,214,0.0021363681741040233,8.24766355140187
614,knee_pad,f,1765,894,0.008924827792752322,1.9742729306487696
966,ski_parka,f,1727,401,0.004003194569232305,4.306733167082294
836,pot,f,1719,479,0.004781870819606669,3.5887265135699375
421,refrigerator,f,1702,1451,0.014485374862733354,1.1729841488628532
7,almond,c,1700,59,0.0005889987022062494,28.8135593220339
828,polo_shirt,f,1695,660,0.006588799041629231,2.5681818181818183
1098,toilet_tissue,f,1683,1021,0.0101926724568234,1.6483839373163565
1102,toothbrush,f,1683,745,0.007437356493960268,2.2590604026845638
361,desk,f,1662,1100,0.010981331736048717,1.510909090909091
806,pineapple,f,1636,186,0.0018568433662773285,8.795698924731182
347,cupcake,f,1628,139,0.0013876410102825196,11.712230215827338
346,cupboard,f,1623,249,0.0024857741838873915,6.518072289156627
515,green_onion,f,1618,101,0.0010082859139462913,16.019801980198018
675,mask,f,1595,925,0.009234301687131876,1.7243243243243243
43,balloon,f,1556,210,0.0020964360587002098,7.40952380952381
342,cucumber,f,1533,236,0.0023559948088249976,6.495762711864407
1043,sweatshirt,f,1482,588,0.005870020964360587,2.520408163265306
445,fireplug,f,1458,1323,0.013207547169811321,1.1020408163265305
848,propeller,f,1458,673,0.006718578416691624,2.166419019316493
1162,water_bottle,f,1449,630,0.006289308176100629,2.3
192,can,f,1424,445,0.004442447838674254,3.2
171,buoy,f,1404,255,0.002545672356993112,5.5058823529411764
522,gull,c,1398,97,0.0009683537985424778,14.412371134020619
252,choker,f,1380,858,0.008565438754117999,1.6083916083916083
658,magazine,f,1379,338,0.003374263751622242,4.079881656804734
923,scissors,f,1376,707,0.007058001397624039,1.9462517680339462
72,bead,c,1371,42,0.0004192872117400419,32.642857142857146
1019,stop_sign,f,1349,1053,0.010512129380053909,1.2811016144349479
160,bucket,f,1346,709,0.0070779674553259455,1.8984485190409026
1020,brake_light,f,1334,223,0.0022262154337626037,5.982062780269058
1198,wristlet,f,1330,623,0.006219426974143955,2.134831460674157
1064,tarp,f,1315,522,0.0052111410601976636,2.5191570881226055
1142,vest,f,1313,729,0.007277628032345013,1.8010973936899863
921,scarf,f,1310,752,0.007507237695916941,1.7420212765957446
114,blinker,f,1269,242,0.002415892981930718,5.243801652892562
81,beef_(food),f,1242,140,0.001397624039133473,8.871428571428572
83,beer_bottle,f,1227,322,0.003214535290006988,3.81055900621118
66,bath_towel,f,1210,349,0.003484077068982729,3.4670487106017194
854,pumpkin,c,1192,80,0.0007986423080762703,14.9
719,newspaper,f,1179,448,0.004472396925227114,2.6316964285714284
566,hook,f,1157,285,0.0028451632225217132,4.059649122807017
1024,straw_(for_drinking),f,1154,507,0.005061395627433363,2.2761341222879685
137,bow_(decorative_ribbons),f,1144,494,0.004931616252370969,2.3157894736842106
647,lime,f,1134,115,0.0011480483178596386,9.860869565217392
1021,stove,f,1133,1037,0.010352400918438654,1.0925747348119577
817,place_mat,f,1123,529,0.005281022262154338,2.122873345935728
547,headband,f,1114,854,0.008525506638714186,1.3044496487119437
19,armchair,f,1112,561,0.005600479185384846,1.982174688057041
687,microwave_oven,f,1105,999,0.009973045822102426,1.1061061061061062
459,flip-flop_(sandal),f,1103,346,0.003454127982429869,3.1878612716763004
401,duck,f,1090,192,0.0019167415393830489,5.677083333333333
452,flagpole,f,1082,353,0.0035240091843865427,3.0651558073654392
2,air_conditioner,f,1081,364,0.00363382250174703,2.96978021978022
766,parking_meter,f,1075,489,0.004881701108116202,2.198364008179959
76,bear,f,1069,646,0.006449036637715883,1.6547987616099071
776,pear,f,1069,109,0.0010881501447539182,9.807339449541285
630,lanyard,f,1065,418,0.004172906059698512,2.547846889952153
437,figurine,f,1056,202,0.0020165718278925826,5.227722772277228
27,avocado,f,1048,117,0.0011680143755615454,8.957264957264957
692,minivan,f,1046,454,0.0045322950983328345,2.303964757709251
774,peach,c,1041,71,0.0007087950484176899,14.661971830985916
226,cauliflower,f,1035,133,0.0013277428371767995,7.7819548872180455
96,billboard,f,1025,247,0.0024658081261854847,4.149797570850202
11,antenna,f,1018,505,0.0050414295697314565,2.015841584158416
57,baseball,f,1013,738,0.007367475292003594,1.372628726287263
781,pen,f,987,339,0.0033842467804731957,2.911504424778761
1109,towel_rack,f,987,570,0.0056903264450434265,1.731578947368421
700,motor,f,985,421,0.004202855146251372,2.339667458432304
621,ladder,f,975,629,0.006279325147249676,1.550079491255962
25,asparagus,c,969,70,0.0006988120195667365,13.842857142857143
756,paper_plate,f,957,328,0.0032744334631127085,2.917682926829268
899,saddle_(on_an_animal),f,955,521,0.005201158031346711,1.8330134357005758
832,pop_(soda),f,951,218,0.0021763002895078365,4.362385321100917
1072,telephone,f,945,772,0.007706898272936009,1.2240932642487046
272,clock_tower,f,932,897,0.008954776879305182,1.0390189520624302
739,oven,f,929,731,0.007297594090046921,1.2708618331053352
208,railcar_(part_of_a_train),f,928,159,0.0015873015873015873,5.836477987421383
229,celery,f,911,110,0.0010981331736048716,8.281818181818181
239,cherry,c,903,87,0.000868523510032944,10.379310344827585
261,cistern,f,901,811,0.00809623639812319,1.1109741060419236
1011,steering_wheel,f,901,673,0.006718578416691624,1.338781575037147
979,soap,f,895,491,0.004901667165818109,1.8228105906313645
15,apron,f,881,500,0.004991514425476689,1.762
68,bathtub,f,868,823,0.008216032744334632,1.054678007290401
903,sail,f,863,207,0.0020664869721473494,4.169082125603865
548,headboard,f,850,755,0.007537186782469801,1.1258278145695364
501,goat,c,842,99,0.0009883198562443845,8.505050505050505
253,chopping_board,f,840,661,0.006598782070480183,1.2708018154311649
800,pickup_truck,f,838,502,0.0050114804831785965,1.6693227091633467
1172,watermelon,f,814,114,0.0011380652890086852,7.140350877192983
415,egg,f,813,191,0.0019067585105320955,4.2565445026178015
1203,zucchini,c,798,81,0.0008086253369272237,9.851851851851851
726,nut,f,790,103,0.001028251971648198,7.669902912621359
843,prawn,c,779,92,0.0009184386542877109,8.467391304347826
512,gravestone,c,778,36,0.00035938903863432165,21.61111111111111
872,raspberry,c,778,70,0.0006988120195667365,11.114285714285714
95,visor,f,777,430,0.004292702405909953,1.8069767441860465
409,earphone,f,767,542,0.0054108016372167314,1.415129151291513
41,ball,f,755,305,0.0030448237995407807,2.4754098360655736
517,grill,f,747,363,0.0036238394728960767,2.0578512396694215
429,fan,f,737,575,0.005740241589298193,1.2817391304347827
379,dog_collar,f,733,574,0.00573025856044724,1.2770034843205575
701,motor_scooter,f,720,226,0.0022561645203154636,3.185840707964602
285,coffee_table,f,709,592,0.005909953079764401,1.197635135135135
53,barrel,f,707,186,0.0018568433662773285,3.8010752688172045
613,kiwi_fruit,c,702,81,0.0008086253369272237,8.666666666666666
633,latch,f,702,221,0.002206249376060697,3.176470588235294
789,pepper,f,697,116,0.001158031346710592,6.008620689655173
644,life_jacket,f,689,227,0.0022661475491664172,3.0352422907488985
980,soccer_ball,f,670,432,0.00431266846361186,1.5509259259259258
404,duffel_bag,f,666,247,0.0024658081261854847,2.6963562753036436
900,saddle_blanket,f,648,347,0.003464111011280823,1.8674351585014408
751,pan_(for_cooking),f,643,229,0.002286113606868324,2.8078602620087336
203,cap_(headwear),f,636,125,0.0012478786063691723,5.088
799,pickle,f,632,221,0.002206249376060697,2.8597285067873304
1017,stirrup,f,625,305,0.0030448237995407807,2.0491803278688523
115,blouse,f,623,271,0.0027054008186083657,2.2988929889298895
536,hand_towel,f,619,200,0.001996605770190676,3.095
624,lamb_(animal),f,618,134,0.0013377258660277529,4.611940298507463
1034,sunflower,c,618,82,0.0008186083657781771,7.536585365853658
375,dispenser,f,610,271,0.0027054008186083657,2.2509225092250924
570,hose,f,610,294,0.0029350104821802936,2.074829931972789
757,paper_towel,f,600,468,0.004672057502246182,1.2820512820512822
86,bell,f,590,231,0.002306079664570231,2.554112554112554
158,brussels_sprouts,c,590,37,0.00036937206748527505,15.945945945945946
89,belt_buckle,f,589,367,0.0036637715882998903,1.6049046321525886
1093,tissue_paper,f,587,316,0.003154637116901268,1.8575949367088607
1018,stool,f,583,297,0.0029649595687331535,1.962962962962963
896,rubber_band,f,574,342,0.0034141958670260556,1.6783625730994152
1061,tape_(sticky_cloth_or_paper),f,560,134,0.0013377258660277529,4.17910447761194
254,chopstick,f,557,168,0.0016771488469601676,3.3154761904761907
915,saucer,f,555,247,0.0024658081261854847,2.2469635627530367
563,home_plate_(baseball),f,551,545,0.005440750723769591,1.0110091743119265
782,pencil,f,543,153,0.001527403414195867,3.549019607843137
910,saltshaker,f,543,361,0.00360387341519417,1.5041551246537397
246,crisp_(potato_chip),c,541,45,0.0004492362982929021,12.022222222222222
319,cowboy_hat,f,535,216,0.00215633423180593,2.4768518518518516
369,dish,f,532,106,0.0010582010582010583,5.018867924528302
195,candle_holder,f,530,177,0.0017669961066187482,2.994350282485876
444,fireplace,f,530,525,0.005241090146750524,1.0095238095238095
447,fish,f,525,113,0.0011280822601577318,4.646017699115045
643,life_buoy,f,524,188,0.0018768094239792353,2.7872340425531914
609,kitchen_sink,f,519,489,0.004881701108116202,1.0613496932515338
867,radish,c,519,49,0.0004891684136967156,10.591836734693878
860,quilt,f,513,386,0.0038534491364680045,1.3290155440414508
322,cracker,c,510,54,0.0005390835579514825,9.444444444444445
993,spatula,f,508,308,0.0030747728860936407,1.6493506493506493
670,marker,f,501,128,0.0012778276929220325,3.9140625
305,cooler_(for_food),f,499,266,0.002655485674353599,1.8759398496240602
728,oar,f,488,110,0.0010981331736048716,4.4363636363636365
814,pitcher_(vessel_for_liquid),f,488,248,0.002475791155036438,1.967741935483871
487,garlic,c,487,65,0.0006488968753119697,7.492307692307692
957,shower_curtain,f,479,381,0.0038035339922132374,1.2572178477690288
768,passenger_car_(part_of_a_train),c,465,93,0.0009284216831386643,5.0
1033,suit_(clothing),f,461,151,0.0015074373564939604,3.052980132450331
932,seashell,c,451,39,0.0003893381251871818,11.564102564102564
955,shower_head,f,450,381,0.0038035339922132374,1.1811023622047243
32,baby_buggy,f,447,314,0.003134671059199361,1.4235668789808917
605,key,f,447,195,0.001946690625935909,2.292307692307692
668,manhole,f,445,260,0.0025955875012478786,1.7115384615384615
129,booklet,c,439,86,0.0008585404811819906,5.104651162790698
685,microphone,f,435,273,0.0027253668763102725,1.5934065934065933
1104,toothpick,f,423,147,0.0014675052410901468,2.877551020408163
1091,tinfoil,f,421,270,0.0026954177897574125,1.5592592592592593
241,chicken_(animal),c,417,71,0.0007087950484176899,5.873239436619718
178,cab_(taxi),f,414,158,0.001577318558450634,2.6202531645569622
507,goose,c,413,63,0.0006289308176100629,6.555555555555555
108,blackberry,c,406,40,0.0003993211540381352,10.15
56,baseball_base,f,404,303,0.003024857741838874,1.3333333333333333
1002,spotlight,c,403,60,0.0005989817310572028,6.716666666666667
666,mandarin_orange,c,401,28,0.0002795248078266946,14.321428571428571
380,doll,f,398,120,0.0011979634621144056,3.316666666666667
235,chandelier,f,392,263,0.0026255365878007386,1.4904942965779469
276,coaster,f,390,202,0.0020165718278925826,1.9306930693069306
762,parasail_(sports),c,385,72,0.0007187780772686433,5.347222222222222
1136,urinal,f,381,139,0.0013876410102825196,2.741007194244604
949,shopping_bag,f,377,139,0.0013876410102825196,2.712230215827338
37,bagel,c,372,47,0.0004692023559948088,7.914893617021277
629,lantern,c,364,48,0.0004791853848457622,7.583333333333333
138,bow-tie,f,359,234,0.002336028751123091,1.5341880341880343
243,chili_(vegetable),c,354,18,0.00017969451931716083,19.666666666666668
679,mattress,f,354,215,0.0021463512029549765,1.6465116279069767
377,Dixie_cup,f,352,103,0.001028251971648198,3.4174757281553396
707,muffin,c,352,62,0.0006189477887591095,5.67741935483871
553,heart,c,347,66,0.000658879904162923,5.257575757575758
419,eggplant,c,337,46,0.00045921932714385543,7.326086956521739
1038,sushi,c,337,24,0.0002395926924228811,14.041666666666666
65,bath_mat,f,336,270,0.0026954177897574125,1.2444444444444445
1125,trunk,c,334,44,0.0004392532694419487,7.590909090909091
638,legume,r,333,10,9.98302885095338e-05,33.3
706,mousepad,f,333,293,0.00292502745332934,1.136518771331058
637,Lego,c,331,22,0.00021962663472097435,15.045454545454545
953,shoulder_bag,f,331,134,0.0013377258660277529,2.470149253731343
306,cork_(bottle_plug),f,326,101,0.0010082859139462913,3.227722772277228
1103,toothpaste,f,326,187,0.001866826395128282,1.7433155080213905
1085,thread,c,320,67,0.0006688629330138764,4.776119402985074
373,dishwasher,f,317,312,0.0031147050014974542,1.016025641025641
112,blender,f,316,243,0.002425876010781671,1.300411522633745
521,guitar,f,315,199,0.0019866227413397226,1.5829145728643217
367,dining_table,f,312,227,0.0022661475491664172,1.3744493392070485
97,binder,c,311,94,0.0009384047119896176,3.3085106382978724
104,birthday_cake,f,311,244,0.0024358590396326247,1.2745901639344261
477,frying_pan,f,310,128,0.0012778276929220325,2.421875
453,flamingo,c,309,18,0.00017969451931716083,17.166666666666668
175,butter,f,308,158,0.001577318558450634,1.9493670886075949
394,dress_suit,f,306,106,0.0010582010582010583,2.8867924528301887
745,paddle,f,306,118,0.0011779974044124988,2.593220338983051
1105,cover,f,306,136,0.0013576919237296597,2.25
288,coin,c,305,42,0.0004192872117400419,7.261904761904762
1059,tank_(storage_vessel),f,304,137,0.001367674952580613,2.218978102189781
255,Christmas_tree,f,303,210,0.0020964360587002098,1.4428571428571428
464,folding_chair,c,303,67,0.0006688629330138764,4.522388059701493
870,raincoat,c,303,52,0.0005191175002495757,5.826923076923077
186,calf,c,301,95,0.000948387740840571,3.168421052631579
267,clip,c,301,95,0.000948387740840571,3.168421052631579
1114,trailer_truck,f,297,143,0.0014275731256863332,2.076923076923077
176,butterfly,c,296,80,0.0007986423080762703,3.7
753,pancake,c,295,72,0.0007187780772686433,4.097222222222222
1100,tongs,f,294,172,0.0017170809623639812,1.7093023255813953
22,artichoke,c,293,33,0.0003294399520814615,8.878787878787879
724,notebook,f,290,189,0.0018867924528301887,1.5343915343915344
906,salami,c,290,34,0.0003394229809324149,8.529411764705882
278,coat_hanger,c,282,44,0.0004392532694419487,6.409090909090909
834,postcard,c,276,16,0.00015972846161525406,17.25
1066,tassel,c,276,68,0.0006788459618648298,4.0588235294117645
283,coconut,c,273,25,0.0002495757212738345,10.92
840,pottery,c,272,28,0.0002795248078266946,9.714285714285714
284,coffee_maker,f,271,238,0.0023759608665269044,1.138655462184874
1191,blinder_(for_horses),f,271,113,0.0011280822601577318,2.398230088495575
259,cigarette,f,269,159,0.0015873015873015873,1.6918238993710693
704,mound_(baseball),f,269,261,0.0026055705300988318,1.0306513409961686
1197,wristband,f,268,128,0.0012778276929220325,2.09375
242,chickpea,c,265,13,0.00012977937506239394,20.384615384615383
744,pad,c,264,62,0.0006189477887591095,4.258064516129032
935,shampoo,c,254,91,0.0009084556254367575,2.791208791208791
1185,window_box_(for_plants),c,253,70,0.0006988120195667365,3.6142857142857143
185,calendar,f,251,174,0.001737047020065888,1.4425287356321839
490,gelatin,c,248,24,0.0002395926924228811,10.333333333333334
494,gift_wrap,c,247,48,0.0004791853848457622,5.145833333333333
44,bamboo,c,243,36,0.00035938903863432165,6.75
683,medicine,c,243,34,0.0003394229809324149,7.147058823529412
661,mailbox_(at_home),f,240,102,0.0010182689427972447,2.3529411764705883
1095,toaster,f,240,224,0.002236198462613557,1.0714285714285714
1173,weathervane,f,237,193,0.0019267245682340023,1.2279792746113989
550,headscarf,c,235,96,0.0009583707696915244,2.4479166666666665
787,pennant,r,235,8,7.986423080762703e-05,29.375
73,bean_curd,c,231,24,0.0002395926924228811,9.625
218,tote_bag,f,231,103,0.001028251971648198,2.2427184466019416
162,bull,c,230,82,0.0008186083657781771,2.8048780487804876
786,penguin,c,229,47,0.0004692023559948088,4.872340425531915
801,pie,c,228,62,0.0006189477887591095,3.6774193548387095
1143,videotape,c,228,24,0.0002395926924228811,9.5
689,milk,f,227,107,0.0010681840870520117,2.121495327102804
622,ladle,c,226,89,0.0008884895677348508,2.539325842696629
1086,thumbtack,c,224,26,0.00025955875012478787,8.615384615384615
372,dishtowel,f,223,134,0.0013377258660277529,1.664179104477612
736,orange_juice,c,223,100,0.000998302885095338,2.23
48,bandanna,f,219,138,0.0013776579814315662,1.5869565217391304
199,canister,c,218,55,0.0005490665868024358,3.963636363636364
455,flap,c,218,77,0.0007686932215234102,2.831168831168831
157,brownie,c,217,19,0.0001896775481681142,11.421052631578947
845,printer,f,217,194,0.0019367075970849557,1.1185567010309279
107,black_sheep,c,214,40,0.0003993211540381352,5.35
424,envelope,c,210,82,0.0008186083657781771,2.5609756097560976
1070,teapot,f,209,135,0.0013477088948787063,1.548148148148148
1152,wagon_wheel,c,209,46,0.00045921932714385543,4.543478260869565
565,fume_hood,f,208,193,0.0019267245682340023,1.077720207253886
5,alcohol,c,207,29,0.000289507836677648,7.137931034482759
220,carton,c,206,63,0.0006289308176100629,3.2698412698412698
755,papaya,r,206,10,9.98302885095338e-05,20.6
537,handcart,c,204,91,0.0009084556254367575,2.241758241758242
84,beer_can,c,203,60,0.0005989817310572028,3.3833333333333333
928,sculpture,c,202,76,0.0007587101926724568,2.6578947368421053
1184,windmill,c,202,47,0.0004692023559948088,4.297872340425532
1180,whipped_cream,c,201,77,0.0007686932215234102,2.6103896103896105
263,clasp,c,197,42,0.0004192872117400419,4.690476190476191
578,polar_bear,f,196,154,0.0015373864430468203,1.2727272727272727
865,radiator,f,195,180,0.0017969451931716084,1.0833333333333333
795,pew_(church_bench),c,194,14,0.0001397624039133473,13.857142857142858
201,cantaloup,c,193,25,0.0002495757212738345,7.72
986,soup,f,193,146,0.0014575222122391934,1.321917808219178
120,bobbin,c,190,48,0.0004791853848457622,3.9583333333333335
341,cube,c,189,14,0.0001397624039133473,13.5
79,bedspread,f,188,125,0.0012478786063691723,1.504
725,notepad,c,187,74,0.0007387441349705501,2.527027027027027
669,map,f,186,131,0.0013077767794748927,1.4198473282442747
746,padlock,c,184,99,0.0009883198562443845,1.8585858585858586
102,birdcage,c,180,25,0.0002495757212738345,7.2
579,icecream,c,180,66,0.000658879904162923,2.727272727272727
248,chocolate_bar,c,179,23,0.00022960966357192772,7.782608695652174
441,fire_engine,f,179,119,0.0011879804332634522,1.504201680672269
844,pretzel,c,179,20,0.0001996605770190676,8.95
919,scale_(measuring_instrument),f,178,158,0.001577318558450634,1.1265822784810127
682,meatball,c,174,28,0.0002795248078266946,6.214285714285714
586,iPod,f,172,126,0.0012578616352201257,1.3650793650793651
809,pinwheel,r,172,3,2.994908655286014e-05,57.333333333333336
904,salad,f,171,108,0.001078167115902965,1.5833333333333333
1036,sunhat,c,170,41,0.00040930418288908857,4.146341463414634
190,camera_lens,c,167,90,0.0008984725965858042,1.8555555555555556
684,melon,c,167,16,0.00015972846161525406,10.4375
699,monkey,c,166,74,0.0007387441349705501,2.2432432432432434
442,fire_extinguisher,f,165,141,0.0014076070679844264,1.1702127659574468
524,hairbrush,f,165,121,0.001207946490965359,1.3636363636363635
1134,underwear,f,164,113,0.0011280822601577318,1.4513274336283186
28,award,c,163,41,0.00040930418288908857,3.975609756097561
749,pajamas,f,163,105,0.0010482180293501049,1.5523809523809524
924,scoreboard,f,161,143,0.0014275731256863332,1.1258741258741258
4,alarm_clock,f,158,149,0.0014874712987920536,1.0604026845637584
738,ottoman,f,157,121,0.001207946490965359,1.2975206611570247
695,mitten,c,156,61,0.0006089647599081562,2.557377049180328
70,battery,c,155,48,0.0004791853848457622,3.2291666666666665
109,blackboard,f,154,104,0.0010382350004991515,1.4807692307692308
636,legging_(clothing),c,154,76,0.0007587101926724568,2.026315789473684
370,dish_antenna,c,153,81,0.0008086253369272237,1.8888888888888888
1083,thermostat,f,153,138,0.0013776579814315662,1.108695652173913
327,crescent_roll,c,152,35,0.00034940600978336826,4.3428571428571425
395,dresser,f,152,115,0.0011480483178596386,1.3217391304347825
1068,teacup,c,152,40,0.0003993211540381352,3.8
440,fire_alarm,f,151,130,0.0012977937506239393,1.1615384615384616
312,cornice,c,149,95,0.000948387740840571,1.568421052631579
819,platter,c,148,50,0.000499151442547669,2.96
435,fig_(fruit),r,147,4,3.9932115403813516e-05,36.75
1041,sweatband,c,145,69,0.0006888289907157831,2.101449275362319
156,broom,c,144,92,0.0009184386542877109,1.565217391304348
534,hair_dryer,f,144,123,0.0012279125486672655,1.170731707317073
922,school_bus,c,142,64,0.0006389138464610163,2.21875
807,pinecone,c,141,18,0.00017969451931716083,7.833333333333333
927,scrubbing_brush,f,141,126,0.0012578616352201257,1.119047619047619
331,crouton,r,140,10,9.98302885095338e-05,14.0
1175,wedding_cake,c,140,91,0.0009084556254367575,1.5384615384615385
680,measuring_cup,c,139,71,0.0007087950484176899,1.9577464788732395
861,rabbit,c,139,65,0.0006488968753119697,2.1384615384615384
1009,steak_(food),c,139,51,0.0005091344713986223,2.7254901960784315
797,phonograph_record,c,138,20,0.0001996605770190676,6.9
1044,sweet_potato,c,137,21,0.00020964360587002095,6.523809523809524
24,ashtray,c,136,98,0.0009783368273934311,1.3877551020408163
1106,tortilla,c,135,34,0.0003394229809324149,3.9705882352941178
552,headstall_(for_horses),c,133,74,0.0007387441349705501,1.7972972972972974
280,cock,c,132,26,0.00025955875012478787,5.076923076923077
871,ram_(animal),c,132,36,0.00035938903863432165,3.6666666666666665
1121,tripod,f,132,101,0.0010082859139462913,1.306930693069307
841,pouch,c,131,80,0.0007986423080762703,1.6375
359,deer,c,130,44,0.0004392532694419487,2.9545454545454546
604,kettle,c,130,100,0.000998302885095338,1.3
329,crock_pot,c,128,32,0.00031945692323050813,4.0
334,crown,c,126,67,0.0006688629330138764,1.8805970149253732
529,hamburger,c,126,48,0.0004791853848457622,2.625
667,manger,c,126,91,0.0009084556254367575,1.3846153846153846
798,piano,f,126,114,0.0011380652890086852,1.105263157894737
929,seabird,c,126,11,0.00010981331736048717,11.454545454545455
122,boiled_egg,c,125,40,0.0003993211540381352,3.125
1094,toast_(food),c,125,41,0.00040930418288908857,3.048780487804878
111,blazer,c,124,49,0.0004891684136967156,2.5306122448979593
315,costume,c,124,49,0.0004891684136967156,2.5306122448979593
601,kayak,c,124,37,0.00036937206748527505,3.3513513513513513
1127,turban,c,124,44,0.0004392532694419487,2.8181818181818183
866,radio_receiver,c,123,99,0.0009883198562443845,1.2424242424242424
1156,wallet,f,123,113,0.0011280822601577318,1.0884955752212389
1194,wooden_spoon,c,123,56,0.0005590496156533892,2.1964285714285716
212,card,c,122,35,0.00034940600978336826,3.4857142857142858
697,money,c,122,46,0.00045921932714385543,2.652173913043478
471,freight_car,c,121,13,0.00012977937506239394,9.307692307692308
973,slipper_(footwear),c,121,58,0.000579015673355296,2.086206896551724
1151,wagon,c,121,70,0.0006988120195667365,1.7285714285714286
723,noseband_(for_animals),c,120,71,0.0007087950484176899,1.6901408450704225
1128,turkey_(food),c,120,31,0.00030947389437955473,3.870967741935484
54,barrette,c,119,76,0.0007587101926724568,1.5657894736842106
1195,wreath,c,119,73,0.0007287611061195967,1.63013698630137
148,brassiere,c,118,95,0.000948387740840571,1.2421052631578948
152,bridal_gown,f,118,103,0.001028251971648198,1.145631067961165
1076,television_camera,c,117,65,0.0006488968753119697,1.8
594,jelly_bean,r,116,3,2.994908655286014e-05,38.666666666666664
999,sponge,c,116,85,0.0008485574523310372,1.3647058823529412
1200,yogurt,c,116,52,0.0005191175002495757,2.230769230769231
436,fighter_jet,c,115,54,0.0005390835579514825,2.1296296296296298
677,mat_(gym_equipment),c,114,31,0.00030947389437955473,3.6774193548387095
1096,toaster_oven,f,114,105,0.0010482180293501049,1.0857142857142856
128,bookcase,c,113,70,0.0006988120195667365,1.6142857142857143
493,giant_panda,c,112,59,0.0005889987022062494,1.8983050847457628
805,pin_(non_jewelry),r,112,7,6.988120195667365e-05,16.0
839,potholder,c,112,57,0.0005690326445043426,1.9649122807017543
274,clothespin,c,111,23,0.00022960966357192772,4.826086956521739
954,shovel,c,110,74,0.0007387441349705501,1.4864864864864864
1,aerosol_can,c,109,64,0.0006389138464610163,1.703125
742,packet,c,109,23,0.00022960966357192772,4.739130434782608
1129,turnip,r,109,7,6.988120195667365e-05,15.571428571428571
1164,water_faucet,c,109,69,0.0006888289907157831,1.5797101449275361
266,clementine,r,108,5,4.99151442547669e-05,21.6
696,mixer_(kitchen_tool),c,108,91,0.0009084556254367575,1.1868131868131868
197,candy_cane,c,107,17,0.00016971149046620746,6.294117647058823
1179,wheelchair,c,107,87,0.000868523510032944,1.2298850574712643
198,walking_cane,c,106,84,0.0008385744234800838,1.2619047619047619
256,slide,c,106,65,0.0006488968753119697,1.6307692307692307
357,date_(fruit),r,103,4,3.9932115403813516e-05,25.75
794,pet,c,103,79,0.000788659279225317,1.3037974683544304
191,camper_(vehicle),c,102,40,0.0003993211540381352,2.55
970,sled,c,102,56,0.0005590496156533892,1.8214285714285714
509,gourd,r,101,6,5.989817310572028e-05,16.833333333333332
1154,wall_clock,c,100,48,0.0004791853848457622,2.0833333333333335
335,crucifix,c,99,71,0.0007087950484176899,1.3943661971830985
1022,strainer,c,99,63,0.0006289308176100629,1.5714285714285714
558,highchair,c,98,90,0.0008984725965858042,1.0888888888888888
1169,water_ski,c,98,50,0.000499151442547669,1.96
294,comic_book,r,97,5,4.99151442547669e-05,19.4
92,bib,c,96,81,0.0008086253369272237,1.1851851851851851
200,canoe,c,96,30,0.0002994908655286014,3.2
448,fish_(food),c,96,16,0.00015972846161525406,6.0
182,locker,r,95,7,6.988120195667365e-05,13.571428571428571
406,dumpster,c,95,64,0.0006389138464610163,1.484375
960,silo,c,95,28,0.0002795248078266946,3.392857142857143
495,ginger,c,93,17,0.00016971149046620746,5.470588235294118
47,bandage,c,92,51,0.0005091344713986223,1.803921568627451
747,paintbrush,c,91,40,0.0003993211540381352,2.275
790,pepper_mill,c,91,69,0.0006888289907157831,1.318840579710145
417,egg_yolk,c,90,41,0.00040930418288908857,2.1951219512195124
564,honey,c,90,20,0.0001996605770190676,4.5
950,shopping_cart,c,90,43,0.0004292702405909953,2.0930232558139537
141,bowler_hat,c,89,35,0.00034940600978336826,2.5428571428571427
363,diaper,c,89,69,0.0006888289907157831,1.289855072463768
765,parka,c,89,17,0.00016971149046620746,5.235294117647059
877,receipt,c,89,61,0.0006089647599081562,1.459016393442623
145,suspenders,c,88,63,0.0006289308176100629,1.3968253968253967
926,screwdriver,c,88,49,0.0004891684136967156,1.7959183673469388
206,cappuccino,c,87,72,0.0007187780772686433,1.2083333333333333
596,jet_plane,c,87,35,0.00034940600978336826,2.4857142857142858
337,police_cruiser,c,86,48,0.0004791853848457622,1.7916666666666667
462,flute_glass,c,86,23,0.00022960966357192772,3.739130434782609
539,handkerchief,c,86,72,0.0007187780772686433,1.1944444444444444
18,armband,c,85,44,0.0004392532694419487,1.9318181818181819
1001,sportswear,c,85,11,0.00010981331736048717,7.7272727272727275
153,briefcase,c,84,50,0.000499151442547669,1.68
174,business_card,c,84,31,0.00030947389437955473,2.7096774193548385
450,fishing_rod,c,84,35,0.00034940600978336826,2.4
475,frog,c,84,42,0.0004192872117400419,2.0
489,gazelle,c,82,23,0.00022960966357192772,3.5652173913043477
963,skewer,c,81,16,0.00015972846161525406,5.0625
1051,table_lamp,c,81,56,0.0005590496156533892,1.4464285714285714
1137,urn,c,81,12,0.00011979634621144055,6.75
165,bullet_train,c,80,61,0.0006089647599081562,1.3114754098360655
249,chocolate_cake,c,80,32,0.00031945692323050813,2.5
345,trophy_cup,c,80,25,0.0002495757212738345,3.2
1111,tractor_(farm_equipment),c,80,61,0.0006089647599081562,1.3114754098360655
1196,wrench,c,80,32,0.00031945692323050813,2.5
386,doormat,c,78,66,0.000658879904162923,1.1818181818181819
403,duct_tape,c,77,21,0.00020964360587002095,3.6666666666666665
584,igniter,c,77,75,0.0007487271638215035,1.0266666666666666
888,robe,c,77,32,0.00031945692323050813,2.40625
1014,stereo_(sound_system),c,77,54,0.0005390835579514825,1.4259259259259258
166,bulletin_board,c,76,51,0.0005091344713986223,1.4901960784313726
393,dress_hat,c,76,46,0.00045921932714385543,1.6521739130434783
740,overalls_(clothing),c,76,73,0.0007287611061195967,1.0410958904109588
767,parrot,c,76,47,0.0004692023559948088,1.6170212765957446
780,pelican,c,76,26,0.00025955875012478787,2.923076923076923
223,cassette,r,74,7,6.988120195667365e-05,10.571428571428571
562,hog,c,73,50,0.000499151442547669,1.46
741,owl,c,73,49,0.0004891684136967156,1.489795918367347
290,coleslaw,c,72,46,0.00045921932714385543,1.565217391304348
1046,sword,c,72,52,0.0005191175002495757,1.3846153846153846
737,ostrich,c,71,47,0.0004692023559948088,1.5106382978723405
573,hot_sauce,c,70,24,0.0002395926924228811,2.9166666666666665
889,rocking_chair,c,70,55,0.0005490665868024358,1.2727272727272727
1092,tinsel,c,70,12,0.00011979634621144055,5.833333333333333
649,lion,c,69,43,0.0004292702405909953,1.6046511627906976
1182,wig,c,69,47,0.0004692023559948088,1.4680851063829787
523,gun,c,68,32,0.00031945692323050813,2.125
555,helicopter,c,68,44,0.0004392532694419487,1.5454545454545454
623,ladybug,c,68,15,0.0001497454327643007,4.533333333333333
750,palette,c,68,21,0.00020964360587002095,3.238095238095238
1006,stapler_(stapling_machine),c,68,65,0.0006488968753119697,1.0461538461538462
1065,tartan,c,68,50,0.000499151442547669,1.36
1160,automatic_washer,c,68,54,0.0005390835579514825,1.2592592592592593
26,atomizer,c,67,46,0.00045921932714385543,1.4565217391304348
443,fire_hose,c,67,29,0.000289507836677648,2.310344827586207
1088,tiger,c,67,33,0.0003294399520814615,2.0303030303030303
651,liquor,r,66,6,5.989817310572028e-05,11.0
868,raft,c,66,28,0.0002795248078266946,2.357142857142857
311,cornet,c,65,38,0.0003793550963362284,1.7105263157894737
1140,vending_machine,c,65,47,0.0004692023559948088,1.3829787234042554
511,grater,c,64,54,0.0005390835579514825,1.1851851851851851
554,heater,c,64,57,0.0005690326445043426,1.1228070175438596
702,motor_vehicle,r,64,10,9.98302885095338e-05,6.4
846,projectile_(weapon),c,64,23,0.00022960966357192772,2.782608695652174
863,racket,c,64,35,0.00034940600978336826,1.8285714285714285
264,cleansing_agent,c,63,27,0.00026954177897574127,2.3333333333333335
14,apricot,r,62,10,9.98302885095338e-05,6.2
1073,telephone_booth,c,62,50,0.000499151442547669,1.24
1090,timer,c,62,50,0.000499151442547669,1.24
717,needle,c,61,13,0.00012977937506239394,4.6923076923076925
760,parachute,c,61,24,0.0002395926924228811,2.5416666666666665
977,snowman,c,61,31,0.00030947389437955473,1.967741935483871
1149,waffle,c,61,29,0.000289507836677648,2.103448275862069
103,birdhouse,c,60,41,0.00040930418288908857,1.4634146341463414
184,calculator,c,60,57,0.0005690326445043426,1.0526315789473684
612,kitten,c,60,42,0.0004192872117400419,1.4285714285714286
1170,water_tower,c,60,45,0.0004492362982929021,1.3333333333333333
1192,wok,c,60,26,0.00025955875012478787,2.3076923076923075
325,crayon,c,59,12,0.00011979634621144055,4.916666666666667
399,drum_(musical_instrument),c,59,28,0.0002795248078266946,2.107142857142857
499,globe,c,59,50,0.000499151442547669,1.18
654,lollipop,c,59,15,0.0001497454327643007,3.933333333333333
673,mashed_potato,c,58,39,0.0003893381251871818,1.4871794871794872
91,beret,c,57,18,0.00017969451931716083,3.1666666666666665
546,veil,c,57,56,0.0005590496156533892,1.0178571428571428
681,measuring_stick,c,57,43,0.0004292702405909953,1.3255813953488371
830,pony,c,57,25,0.0002495757212738345,2.28
833,postbox_(public),c,57,36,0.00035938903863432165,1.5833333333333333
857,puppy,c,57,15,0.0001497454327643007,3.8
62,basketball,c,56,41,0.00040930418288908857,1.3658536585365855
497,cincture,c,56,18,0.00017969451931716083,3.111111111111111
901,saddlebag,c,56,35,0.00034940600978336826,1.6
1040,sweat_pants,c,56,35,0.00034940600978336826,1.6
340,cub_(animal),c,55,29,0.000289507836677648,1.896551724137931
593,jeep,c,55,38,0.0003793550963362284,1.4473684210526316
847,projector,c,54,52,0.0005191175002495757,1.0384615384615385
996,spice_rack,c,54,45,0.0004492362982929021,1.2
1168,water_scooter,c,54,30,0.0002994908655286014,1.8
67,bathrobe,c,53,42,0.0004192872117400419,1.2619047619047619
135,bouquet,c,53,28,0.0002795248078266946,1.8928571428571428
438,file_cabinet,c,53,32,0.00031945692323050813,1.65625
525,hairnet,c,53,16,0.00015972846161525406,3.3125
974,smoothie,r,53,9,8.984725965858041e-05,5.888888888888889
418,eggbeater,c,52,39,0.0003893381251871818,1.3333333333333333
893,rolling_pin,c,52,47,0.0004692023559948088,1.1063829787234043
984,solar_array,c,52,28,0.0002795248078266946,1.8571428571428572
219,cart,c,51,28,0.0002795248078266946,1.8214285714285714
598,jewelry,c,51,13,0.00012977937506239394,3.923076923076923
320,crab_(animal),c,50,12,0.00011979634621144055,4.166666666666667
484,garden_hose,c,50,41,0.00040930418288908857,1.2195121951219512
775,peanut_butter,c,50,30,0.0002994908655286014,1.6666666666666667
882,rhinoceros,c,50,29,0.000289507836677648,1.7241379310344827
1199,yacht,c,50,12,0.00011979634621144055,4.166666666666667
216,horse_carriage,c,49,35,0.00034940600978336826,1.4
227,cayenne_(spice),c,49,16,0.00015972846161525406,3.0625
384,domestic_ass,c,49,29,0.000289507836677648,1.6896551724137931
460,flipper_(footwear),c,49,19,0.0001896775481681142,2.5789473684210527
821,pliers,c,49,28,0.0002795248078266946,1.75
989,sour_cream,c,49,22,0.00021962663472097435,2.227272727272727
1082,thermos_bottle,c,49,36,0.00035938903863432165,1.3611111111111112
1176,wedding_ring,c,49,31,0.00030947389437955473,1.5806451612903225
408,eagle,c,48,40,0.0003993211540381352,1.2
457,flashlight,c,48,37,0.00036937206748527505,1.2972972972972974
64,bat_(animal),c,47,11,0.00010981331736048717,4.2727272727272725
273,clothes_hamper,c,47,31,0.00030947389437955473,1.5161290322580645
1113,dirt_bike,c,47,18,0.00017969451931716083,2.611111111111111
124,deadbolt,c,46,37,0.00036937206748527505,1.2432432432432432
520,grocery_bag,c,46,18,0.00017969451931716083,2.5555555555555554
761,parakeet,c,46,11,0.00010981331736048717,4.181818181818182
187,camcorder,c,45,27,0.00026954177897574127,1.6666666666666667
763,parasol,c,45,17,0.00016971149046620746,2.6470588235294117
1089,tights_(clothing),c,45,37,0.00036937206748527505,1.2162162162162162
1107,tow_truck,c,45,41,0.00040930418288908857,1.0975609756097562
170,bunk_bed,c,44,24,0.0002395926924228811,1.8333333333333333
519,grizzly,c,44,30,0.0002994908655286014,1.4666666666666666
988,soupspoon,c,44,25,0.0002495757212738345,1.76
1171,watering_can,c,44,28,0.0002795248078266946,1.5714285714285714
121,bobby_pin,c,43,14,0.0001397624039133473,3.0714285714285716
412,easel,c,43,36,0.00035938903863432165,1.1944444444444444
1013,step_stool,c,43,36,0.00035938903863432165,1.1944444444444444
33,basketball_backboard,c,42,31,0.00030947389437955473,1.3548387096774193
620,lab_coat,r,42,7,6.988120195667365e-05,6.0
1067,tea_bag,c,42,16,0.00015972846161525406,2.625
245,chinaware,r,41,5,4.99151442547669e-05,8.2
425,eraser,c,41,18,0.00017969451931716083,2.2777777777777777
468,footstool,c,41,27,0.00026954177897574127,1.5185185185185186
472,French_toast,c,41,13,0.00012977937506239394,3.1538461538461537
530,hammer,c,41,26,0.00025955875012478787,1.5769230769230769
656,loveseat,c,41,28,0.0002795248078266946,1.4642857142857142
895,router_(computer_equipment),c,41,29,0.000289507836677648,1.4137931034482758
946,shield,c,41,19,0.0001896775481681142,2.1578947368421053
293,pacifier,c,40,34,0.0003394229809324149,1.1764705882352942
328,crib,c,40,36,0.00035938903863432165,1.1111111111111112
1069,teakettle,c,40,35,0.00034940600978336826,1.1428571428571428
6,alligator,c,39,26,0.00025955875012478787,1.5
10,anklet,c,39,28,0.0002795248078266946,1.3928571428571428
410,earplug,r,39,2,1.9966057701906758e-05,19.5
413,eclair,r,39,4,3.9932115403813516e-05,9.75
473,freshener,c,39,32,0.00031945692323050813,1.21875
720,newsstand,c,39,12,0.00011979634621144055,3.25
1101,toolbox,c,39,28,0.0002795248078266946,1.3928571428571428
1163,water_cooler,c,39,31,0.00030947389437955473,1.2580645161290323
142,bowling_ball,r,38,5,4.99151442547669e-05,7.6
257,cider,r,38,4,3.9932115403813516e-05,9.5
383,dolphin,c,38,13,0.00012977937506239394,2.923076923076923
485,gargle,c,38,28,0.0002795248078266946,1.3571428571428572
587,iron_(for_clothing),c,38,24,0.0002395926924228811,1.5833333333333333
608,kimono,c,38,24,0.0002395926924228811,1.5833333333333333
942,shears,r,38,6,5.989817310572028e-05,6.333333333333333
1138,vacuum_cleaner,c,38,37,0.00036937206748527505,1.027027027027027
228,CD_player,c,37,27,0.00026954177897574127,1.3703703703703705
476,fruit_juice,c,37,17,0.00016971149046620746,2.176470588235294
884,rifle,c,37,14,0.0001397624039133473,2.642857142857143
16,aquarium,c,36,33,0.0003294399520814615,1.0909090909090908
268,clipboard,c,36,32,0.00031945692323050813,1.125
402,duckling,c,36,12,0.00011979634621144055,3.0
732,olive_oil,c,36,25,0.0002495757212738345,1.44
260,cigarette_case,c,35,31,0.00030947389437955473,1.1290322580645162
336,cruise_ship,c,35,30,0.0002994908655286014,1.1666666666666667
466,football_(American),c,35,28,0.0002795248078266946,1.25
721,nightshirt,c,35,18,0.00017969451931716083,1.9444444444444444
874,razorblade,c,35,29,0.000289507836677648,1.206896551724138
891,roller_skate,r,35,10,9.98302885095338e-05,3.5
1062,tape_measure,c,35,29,0.000289507836677648,1.206896551724138
188,camel,c,34,22,0.00021962663472097435,1.5454545454545454
826,poker_(fire_stirring_tool),c,34,14,0.0001397624039133473,2.4285714285714284
221,cash_register,c,33,28,0.0002795248078266946,1.1785714285714286
449,fishbowl,r,33,7,6.988120195667365e-05,4.714285714285714
711,musical_instrument,c,33,16,0.00015972846161525406,2.0625
859,quiche,r,33,10,9.98302885095338e-05,3.3
940,shaving_cream,c,33,18,0.00017969451931716083,1.8333333333333333
971,sleeping_bag,c,33,17,0.00016971149046620746,1.9411764705882353
1081,thermometer,c,33,29,0.000289507836677648,1.1379310344827587
1147,volleyball,c,33,14,0.0001397624039133473,2.357142857142857
286,coffeepot,c,32,26,0.00025955875012478787,1.2307692307692308
371,dishrag,c,32,17,0.00016971149046620746,1.8823529411764706
433,Ferris_wheel,c,32,32,0.00031945692323050813,1.0
883,rib_(food),r,32,8,7.986423080762703e-05,4.0
897,runner_(carpet),c,32,25,0.0002495757212738345,1.28
892,Rollerblade,r,31,10,9.98302885095338e-05,3.1
1032,sugarcane_(plant),r,31,2,1.9966057701906758e-05,15.5
1087,tiara,c,31,25,0.0002495757212738345,1.24
1130,turtle,c,31,20,0.0001996605770190676,1.55
55,barrow,c,30,26,0.00025955875012478787,1.1538461538461537
463,foal,c,30,25,0.0002495757212738345,1.2
196,candy_bar,r,29,4,3.9932115403813516e-05,7.25
318,cowbell,c,29,16,0.00015972846161525406,1.8125
423,elk,c,29,11,0.00010981331736048717,2.6363636363636362
590,jam,c,29,16,0.00015972846161525406,1.8125
650,lip_balm,c,29,14,0.0001397624039133473,2.0714285714285716
1063,tapestry,c,29,22,0.00021962663472097435,1.3181818181818181
731,oil_lamp,c,28,15,0.0001497454327643007,1.8666666666666667
791,perfume,c,28,13,0.00012977937506239394,2.1538461538461537
813,pita_(bread),c,28,12,0.00011979634621144055,2.3333333333333335
878,recliner,c,28,18,0.00017969451931716083,1.5555555555555556
1007,starfish,c,28,13,0.00012977937506239394,2.1538461538461537
1183,wind_chime,c,28,21,0.00020964360587002095,1.3333333333333333
167,bulletproof_vest,r,27,5,4.99151442547669e-05,5.4
205,cape,c,27,19,0.0001896775481681142,1.4210526315789473
693,mint_candy,r,27,9,8.984725965858041e-05,3.0
907,salmon_(fish),c,27,12,0.00011979634621144055,2.25
1174,webcam,c,27,21,0.00020964360587002095,1.2857142857142858
69,batter_(food),r,26,6,5.989817310572028e-05,4.333333333333333
581,ice_maker,c,26,24,0.0002395926924228811,1.0833333333333333
875,reamer_(juicer),c,26,24,0.0002395926924228811,1.0833333333333333
914,saucepan,r,26,5,4.99151442547669e-05,5.2
1187,windsock,c,26,19,0.0001896775481681142,1.368421052631579
8,ambulance,c,25,22,0.00021962663472097435,1.1363636363636365
365,die,r,25,8,7.986423080762703e-05,3.125
400,drumstick,r,25,9,8.984725965858041e-05,2.7777777777777777
505,golfcart,c,25,19,0.0001896775481681142,1.3157894736842106
332,crow,c,24,12,0.00011979634621144055,2.0
353,cymbal,r,24,9,8.984725965858041e-05,2.6666666666666665
396,drill,c,24,19,0.0001896775481681142,1.263157894736842
560,hippopotamus,r,24,8,7.986423080762703e-05,3.0
588,ironing_board,c,24,22,0.00021962663472097435,1.0909090909090908
796,phonebook,r,24,7,6.988120195667365e-05,3.4285714285714284
934,shaker,c,24,13,0.00012977937506239394,1.8461538461538463
952,shot_glass,r,24,5,4.99151442547669e-05,4.8
21,armor,r,23,9,8.984725965858041e-05,2.5555555555555554
105,birthday_card,r,23,7,6.988120195667365e-05,3.2857142857142856
391,underdrawers,c,23,19,0.0001896775481681142,1.2105263157894737
930,seahorse,c,23,11,0.00010981331736048717,2.090909090909091
978,snowmobile,c,23,16,0.00015972846161525406,1.4375
1166,water_jug,c,23,11,0.00010981331736048717,2.090909090909091
98,binoculars,c,22,21,0.00020964360587002095,1.0476190476190477
144,boxing_glove,r,22,8,7.986423080762703e-05,2.75
193,can_opener,c,22,21,0.00020964360587002095,1.0476190476190477
213,cardigan,c,22,18,0.00017969451931716083,1.2222222222222223
215,carnation,r,22,6,5.989817310572028e-05,3.6666666666666665
465,food_processor,c,22,19,0.0001896775481681142,1.1578947368421053
652,lizard,c,22,15,0.0001497454327643007,1.4666666666666666
792,persimmon,r,22,6,5.989817310572028e-05,3.6666666666666665
879,record_player,c,22,18,0.00017969451931716083,1.2222222222222223
909,salsa,c,22,13,0.00012977937506239394,1.6923076923076923
985,sombrero,r,22,7,6.988120195667365e-05,3.142857142857143
1039,mop,c,22,22,0.00021962663472097435,1.0
163,bulldog,c,21,15,0.0001497454327643007,1.4
247,poker_chip,r,21,1,9.983028850953379e-06,21.0
600,jumpsuit,c,21,14,0.0001397624039133473,1.5
752,pan_(metal_container),r,21,7,6.988120195667365e-05,3.0
825,pocketknife,c,21,18,0.00017969451931716083,1.1666666666666667
1054,taco,r,21,2,1.9966057701906758e-05,10.5
1153,walking_stick,c,21,14,0.0001397624039133473,1.5
1189,wine_bucket,c,21,11,0.00010981331736048717,1.9090909090909092
74,beanbag,c,20,16,0.00015972846161525406,1.25
179,cabana,r,20,2,1.9966057701906758e-05,10.0
339,crutch,c,20,13,0.00012977937506239394,1.5384615384615385
348,hair_curler,r,20,2,1.9966057701906758e-05,10.0
360,dental_floss,c,20,19,0.0001896775481681142,1.0526315789473684
526,hairpin,c,20,12,0.00011979634621144055,1.6666666666666667
635,leather,r,20,7,6.988120195667365e-05,2.857142857142857
718,nest,c,20,16,0.00015972846161525406,1.25
772,patty_(food),r,20,5,4.99151442547669e-05,4.0
824,pocket_watch,r,20,5,4.99151442547669e-05,4.0
936,shark,c,20,14,0.0001397624039133473,1.4285714285714286
1201,yoke_(animal_equipment),c,20,11,0.00010981331736048717,1.8181818181818181
46,Band_Aid,c,19,17,0.00016971149046620746,1.1176470588235294
161,horse_buggy,r,19,9,8.984725965858041e-05,2.111111111111111
236,chap,r,19,10,9.98302885095338e-05,1.9
607,kilt,c,19,12,0.00011979634621144055,1.5833333333333333
997,spider,c,19,12,0.00011979634621144055,1.5833333333333333
1004,squirrel,c,19,16,0.00015972846161525406,1.1875
304,cooking_utensil,r,18,2,1.9966057701906758e-05,9.0
454,flannel,c,18,14,0.0001397624039133473,1.2857142857142858
482,garbage,r,18,9,8.984725965858041e-05,2.0
483,garbage_truck,c,18,18,0.00017969451931716083,1.0
576,hummingbird,c,18,16,0.00015972846161525406,1.125
777,peeler_(tool_for_fruit_and_vegetables),c,18,14,0.0001397624039133473,1.2857142857142858
785,pendulum,r,18,8,7.986423080762703e-05,2.25
856,puppet,r,18,3,2.994908655286014e-05,6.0
1016,stirrer,r,18,8,7.986423080762703e-05,2.25
117,gameboard,r,17,8,7.986423080762703e-05,2.125
149,bread-bin,c,17,17,0.00016971149046620746,1.0
343,cufflink,c,17,15,0.0001497454327643007,1.1333333333333333
434,ferry,c,17,11,0.00010981331736048717,1.5454545454545454
730,octopus_(animal),r,17,9,8.984725965858041e-05,1.8888888888888888
764,parchment,r,17,10,9.98302885095338e-05,1.7
9,amplifier,c,16,12,0.00011979634621144055,1.3333333333333333
100,birdfeeder,c,16,16,0.00015972846161525406,1.0
211,identity_card,c,16,13,0.00012977937506239394,1.2307692307692308
279,coatrack,c,16,14,0.0001397624039133473,1.1428571428571428
289,colander,c,16,13,0.00012977937506239394,1.2307692307692308
616,knitting_needle,r,16,7,6.988120195667365e-05,2.2857142857142856
660,mail_slot,c,16,15,0.0001497454327643007,1.0666666666666667
663,mallet,r,16,8,7.986423080762703e-05,2.0
842,power_shovel,c,16,11,0.00010981331736048717,1.4545454545454546
975,snake,r,16,8,7.986423080762703e-05,2.0
1118,trench_coat,r,16,6,5.989817310572028e-05,2.6666666666666665
1148,vulture,r,16,4,3.9932115403813516e-05,4.0
1193,wolf,r,16,5,4.99151442547669e-05,3.2
130,bookmark,r,15,7,6.988120195667365e-05,2.142857142857143
134,bottle_opener,c,15,15,0.0001497454327643007,1.0
168,bullhorn,c,15,13,0.00012977937506239394,1.1538461538461537
214,cargo_ship,r,15,8,7.986423080762703e-05,1.875
224,cast,c,15,14,0.0001397624039133473,1.0714285714285714
233,chaise_longue,r,15,8,7.986423080762703e-05,1.875
308,corkscrew,c,15,14,0.0001397624039133473,1.0714285714285714
366,dinghy,r,15,5,4.99151442547669e-05,3.0
416,egg_roll,r,15,6,5.989817310572028e-05,2.5
531,hammock,c,15,13,0.00012977937506239394,1.1538461538461537
561,hockey_stick,r,15,5,4.99151442547669e-05,3.0
619,koala,r,15,8,7.986423080762703e-05,1.875
788,penny_(coin),r,15,6,5.989817310572028e-05,2.5
902,safety_pin,r,15,7,6.988120195667365e-05,2.142857142857143
1120,tricycle,c,15,11,0.00010981331736048717,1.3636363636363635
1126,vat,r,15,3,2.994908655286014e-05,5.0
1159,washbasin,r,15,10,9.98302885095338e-05,1.5
172,burrito,r,14,9,8.984725965858041e-05,1.5555555555555556
180,cabin_car,c,14,12,0.00011979634621144055,1.1666666666666667
431,fedora,r,14,8,7.986423080762703e-05,1.75
470,forklift,c,14,11,0.00010981331736048717,1.2727272727272727
504,golf_club,c,14,11,0.00010981331736048717,1.2727272727272727
583,ice_skate,r,14,4,3.9932115403813516e-05,3.5
829,poncho,r,14,8,7.986423080762703e-05,1.75
908,salmon_(food),r,14,10,9.98302885095338e-05,1.4
1047,syringe,r,14,5,4.99151442547669e-05,2.8
1132,typewriter,c,14,13,0.00012977937506239394,1.0769230769230769
231,chain_mail,r,13,4,3.9932115403813516e-05,3.25
240,chessboard,r,13,9,8.984725965858041e-05,1.4444444444444444
292,combination_lock,r,13,8,7.986423080762703e-05,1.625
405,dumbbell,r,13,6,5.989817310572028e-05,2.1666666666666665
853,pug-dog,r,13,8,7.986423080762703e-05,1.625
864,radar,r,13,5,4.99151442547669e-05,2.6
918,saxophone,r,13,8,7.986423080762703e-05,1.625
1131,turtleneck_(clothing),c,13,11,0.00010981331736048717,1.1818181818181819
1181,whistle,c,13,11,0.00010981331736048717,1.1818181818181819
42,ballet_skirt,r,12,6,5.989817310572028e-05,2.0
101,birdbath,c,12,12,0.00011979634621144055,1.0
222,casserole,r,12,5,4.99151442547669e-05,2.4
314,corset,c,12,12,0.00011979634621144055,1.0
317,coverall,r,12,5,4.99151442547669e-05,2.4
323,crape,r,12,5,4.99151442547669e-05,2.4
488,gasmask,r,12,9,8.984725965858041e-05,1.3333333333333333
533,hamster,c,12,11,0.00010981331736048717,1.0909090909090908
599,joystick,r,12,9,8.984725965858041e-05,1.3333333333333333
634,lawn_mower,r,12,10,9.98302885095338e-05,1.2
743,inkpad,r,12,4,3.9932115403813516e-05,3.0
770,passport,c,12,12,0.00011979634621144055,1.0
822,plow_(farm_equipment),r,12,10,9.98302885095338e-05,1.2
939,shaver_(electric),r,12,10,9.98302885095338e-05,1.2
992,sparkler_(fireworks),r,12,9,8.984725965858041e-05,1.3333333333333333
20,armoire,r,11,8,7.986423080762703e-05,1.375
356,dartboard,c,11,11,0.00010981331736048717,1.0
362,detergent,r,11,7,6.988120195667365e-05,1.5714285714285714
480,futon,r,11,10,9.98302885095338e-05,1.1
503,goldfish,r,11,3,2.994908655286014e-05,3.6666666666666665
610,kitchen_table,r,11,10,9.98302885095338e-05,1.1
678,matchbox,r,11,10,9.98302885095338e-05,1.1
754,pantyhose,r,11,9,8.984725965858041e-05,1.2222222222222223
823,plume,r,11,5,4.99151442547669e-05,2.2
933,sewing_machine,c,11,11,0.00010981331736048717,1.0
1029,stylus,r,11,5,4.99151442547669e-05,2.2
126,bonnet,r,10,6,5.989817310572028e-05,1.6666666666666667
131,boom_microphone,r,10,5,4.99151442547669e-05,2.0
209,elevator_car,r,10,7,6.988120195667365e-05,1.4285714285714286
310,cornbread,r,10,2,1.9966057701906758e-05,5.0
326,cream_pitcher,r,10,7,6.988120195667365e-05,1.4285714285714286
368,tux,r,10,6,5.989817310572028e-05,1.6666666666666667
456,flash,r,10,8,7.986423080762703e-05,1.25
508,gorilla,r,10,5,4.99151442547669e-05,2.0
513,gravy_boat,r,10,10,9.98302885095338e-05,1.0
538,handcuff,r,10,9,8.984725965858041e-05,1.1111111111111112
551,headset,r,10,7,6.988120195667365e-05,1.4285714285714286
618,knocker_(on_a_door),r,10,10,9.98302885095338e-05,1.0
672,mascot,r,10,10,9.98302885095338e-05,1.0
712,nailfile,r,10,7,6.988120195667365e-05,1.4285714285714286
733,omelet,r,10,7,6.988120195667365e-05,1.4285714285714286
831,pool_table,r,10,10,9.98302885095338e-05,1.0
991,space_shuttle,r,10,10,9.98302885095338e-05,1.0
1031,sugar_bowl,r,10,9,8.984725965858041e-05,1.1111111111111112
1053,tachometer,r,10,7,6.988120195667365e-05,1.4285714285714286
1145,violin,r,10,10,9.98302885095338e-05,1.0
39,baguet,r,9,3,2.994908655286014e-05,3.0
85,beetle,r,9,2,1.9966057701906758e-05,4.5
155,broach,r,9,6,5.989817310572028e-05,1.5
374,dishwasher_detergent,r,9,8,7.986423080762703e-05,1.125
427,eyepatch,r,9,7,6.988120195667365e-05,1.2857142857142858
479,funnel,r,9,9,8.984725965858041e-05,1.0
577,hummus,r,9,8,7.986423080762703e-05,1.125
779,pegboard,r,9,8,7.986423080762703e-05,1.125
812,pistol,r,9,7,6.988120195667365e-05,1.2857142857142858
941,shawl,r,9,9,8.984725965858041e-05,1.0
994,spear,r,9,4,3.9932115403813516e-05,2.25
17,arctic_(type_of_shoe),r,8,3,2.994908655286014e-05,2.6666666666666665
30,ax,r,8,7,6.988120195667365e-05,1.1428571428571428
265,cleat_(for_securing_rope),r,8,2,1.9966057701906758e-05,4.0
389,dragonfly,r,8,3,2.994908655286014e-05,2.6666666666666665
486,gargoyle,r,8,3,2.994908655286014e-05,2.6666666666666665
506,gondola_(boat),r,8,3,2.994908655286014e-05,2.6666666666666665
625,lamb-chop,r,8,4,3.9932115403813516e-05,2.0
690,milk_can,r,8,2,1.9966057701906758e-05,4.0
849,prune,r,8,2,1.9966057701906758e-05,4.0
13,applesauce,r,7,4,3.9932115403813516e-05,1.75
250,chocolate_milk,r,7,4,3.9932115403813516e-05,1.75
287,coil,r,7,5,4.99151442547669e-05,1.4
307,corkboard,r,7,6,5.989817310572028e-05,1.1666666666666667
407,dustpan,r,7,7,6.988120195667365e-05,1.0
467,football_helmet,r,7,4,3.9932115403813516e-05,1.75
535,hand_glass,r,7,7,6.988120195667365e-05,1.0
545,hatbox,r,7,4,3.9932115403813516e-05,1.75
585,inhaler,r,7,6,5.989817310572028e-05,1.1666666666666667
632,lasagna,r,7,5,4.99151442547669e-05,1.4
727,nutcracker,r,7,3,2.994908655286014e-05,2.3333333333333335
810,tobacco_pipe,r,7,7,6.988120195667365e-05,1.0
937,sharpener,r,7,5,4.99151442547669e-05,1.4
1015,stew,r,7,5,4.99151442547669e-05,1.4
1058,army_tank,r,7,5,4.99151442547669e-05,1.4
1116,trampoline,r,7,7,6.988120195667365e-05,1.0
1165,water_heater,r,7,7,6.988120195667365e-05,1.0
38,bagpipe,r,6,3,2.994908655286014e-05,2.0
63,bass_horn,r,6,4,3.9932115403813516e-05,1.5
136,bow_(weapon),r,6,6,5.989817310572028e-05,1.0
316,cougar,r,6,5,4.99151442547669e-05,1.2
557,heron,r,6,4,3.9932115403813516e-05,1.5
572,hotplate,r,6,5,4.99151442547669e-05,1.2
602,keg,r,6,3,2.994908655286014e-05,2.0
646,lightning_rod,r,6,6,5.989817310572028e-05,1.0
648,limousine,r,6,5,4.99151442547669e-05,1.2
710,music_stool,r,6,6,5.989817310572028e-05,1.0
855,puncher,r,6,3,2.994908655286014e-05,2.0
858,quesadilla,r,6,2,1.9966057701906758e-05,3.0
862,race_car,r,6,3,2.994908655286014e-05,2.0
873,rat,r,6,6,5.989817310572028e-05,1.0
905,salad_plate,r,6,2,1.9966057701906758e-05,3.0
958,shredder_(for_paper),r,6,6,5.989817310572028e-05,1.0
1003,squid_(food),r,6,1,9.983028850953379e-06,6.0
1084,thimble,r,6,4,3.9932115403813516e-05,1.5
301,sofa_bed,r,5,4,3.9932115403813516e-05,1.25
321,crabmeat,r,5,1,9.983028850953379e-06,5.0
426,escargot,r,5,1,9.983028850953379e-06,5.0
432,ferret,r,5,4,3.9932115403813516e-05,1.25
532,hamper,r,5,4,3.9932115403813516e-05,1.25
541,handsaw,r,5,4,3.9932115403813516e-05,1.25
657,machine_gun,r,5,2,1.9966057701906758e-05,2.5
688,milestone,r,5,4,3.9932115403813516e-05,1.25
729,octopus_(food),r,5,5,4.99151442547669e-05,1.0
803,piggy_bank,r,5,4,3.9932115403813516e-05,1.25
917,sawhorse,r,5,4,3.9932115403813516e-05,1.25
938,Sharpie,r,5,3,2.994908655286014e-05,1.6666666666666667
983,softball,r,5,5,4.99151442547669e-05,1.0
998,crawfish,r,5,1,9.983028850953379e-06,5.0
1012,stepladder,r,5,5,4.99151442547669e-05,1.0
1048,Tabasco_sauce,r,5,5,4.99151442547669e-05,1.0
1049,table-tennis_table,r,5,5,4.99151442547669e-05,1.0
51,barbell,r,4,3,2.994908655286014e-05,1.3333333333333333
82,beeper,r,4,4,3.9932115403813516e-05,1.0
147,brass_plaque,r,4,4,3.9932115403813516e-05,1.0
159,bubble_gum,r,4,4,3.9932115403813516e-05,1.0
164,bulldozer,r,4,3,2.994908655286014e-05,1.3333333333333333
282,cocoa_(beverage),r,4,2,1.9966057701906758e-05,2.0
300,convertible_(automobile),r,4,3,2.994908655286014e-05,1.3333333333333333
478,fudge,r,4,1,9.983028850953379e-06,4.0
481,gag,r,4,4,3.9932115403813516e-05,1.0
516,griddle,r,4,3,2.994908655286014e-05,1.3333333333333333
571,hot-air_balloon,r,4,3,2.994908655286014e-05,1.3333333333333333
575,houseboat,r,4,2,1.9966057701906758e-05,2.0
582,ice_pack,r,4,1,9.983028850953379e-06,4.0
603,kennel,r,4,4,3.9932115403813516e-05,1.0
714,neckerchief,r,4,2,1.9966057701906758e-05,2.0
722,nosebag_(for_animals),r,4,4,3.9932115403813516e-05,1.0
759,paperweight,r,4,2,1.9966057701906758e-05,2.0
784,pencil_sharpener,r,4,3,2.994908655286014e-05,1.3333333333333333
808,ping-pong_ball,r,4,4,3.9932115403813516e-05,1.0
815,pitchfork,r,4,4,3.9932115403813516e-05,1.0
852,puffin,r,4,2,1.9966057701906758e-05,2.0
920,scarecrow,r,4,3,2.994908655286014e-05,1.3333333333333333
931,seaplane,r,4,4,3.9932115403813516e-05,1.0
1124,truffle_(chocolate),r,4,1,9.983028850953379e-06,4.0
1150,waffle_iron,r,4,4,3.9932115403813516e-05,1.0
31,baboon,r,3,1,9.983028850953379e-06,3.0
49,banjo,r,3,3,2.994908655286014e-05,1.0
52,barge,r,3,2,1.9966057701906758e-05,1.5
71,beachball,r,3,3,2.994908655286014e-05,1.0
113,blimp,r,3,2,1.9966057701906758e-05,1.5
151,breechcloth,r,3,2,1.9966057701906758e-05,1.5
238,checkerboard,r,3,3,2.994908655286014e-05,1.0
258,cigar_box,r,3,2,1.9966057701906758e-05,1.5
352,cylinder,r,3,1,9.983028850953379e-06,3.0
355,dalmatian,r,3,3,2.994908655286014e-05,1.0
428,falcon,r,3,3,2.994908655286014e-05,1.0
439,file_(tool),r,3,3,2.994908655286014e-05,1.0
518,grits,r,3,3,2.994908655286014e-05,1.0
527,halter_top,r,3,2,1.9966057701906758e-05,1.5
567,hookah,r,3,3,2.994908655286014e-05,1.0
671,martini,r,3,3,2.994908655286014e-05,1.0
686,microscope,r,3,2,1.9966057701906758e-05,1.5
758,paperback_book,r,3,1,9.983028850953379e-06,3.0
820,playpen,r,3,3,2.994908655286014e-05,1.0
869,rag_doll,r,3,1,9.983028850953379e-06,3.0
886,river_boat,r,3,2,1.9966057701906758e-05,1.5
887,road_map,r,3,3,2.994908655286014e-05,1.0
894,root_beer,r,3,3,2.994908655286014e-05,1.0
913,satchel,r,3,2,1.9966057701906758e-05,1.5
1146,vodka,r,3,3,2.994908655286014e-05,1.0
78,bedpan,r,2,2,1.9966057701906758e-05,1.0
93,Bible,r,2,1,9.983028850953379e-06,2.0
119,bob,r,2,1,9.983028850953379e-06,2.0
202,canteen,r,2,2,1.9966057701906758e-05,1.0
237,checkbook,r,2,2,1.9966057701906758e-05,1.0
244,chime,r,2,2,1.9966057701906758e-05,1.0
349,curling_iron,r,2,2,1.9966057701906758e-05,1.0
364,diary,r,2,2,1.9966057701906758e-05,1.0
376,diving_board,r,2,2,1.9966057701906758e-05,1.0
381,dollar,r,2,2,1.9966057701906758e-05,1.0
382,dollhouse,r,2,2,1.9966057701906758e-05,1.0
388,dove,r,2,1,9.983028850953379e-06,2.0
397,drone,r,2,2,1.9966057701906758e-05,1.0
446,first-aid_kit,r,2,2,1.9966057701906758e-05,1.0
458,fleece,r,2,1,9.983028850953379e-06,2.0
491,gemstone,r,2,1,9.983028850953379e-06,2.0
492,generator,r,2,2,1.9966057701906758e-05,1.0
542,hardback_book,r,2,1,9.983028850953379e-06,2.0
543,harmonium,r,2,1,9.983028850953379e-06,2.0
574,hourglass,r,2,2,1.9966057701906758e-05,1.0
640,lemonade,r,2,1,9.983028850953379e-06,2.0
662,mallard,r,2,1,9.983028850953379e-06,2.0
664,mammoth,r,2,1,9.983028850953379e-06,2.0
674,masher,r,2,2,1.9966057701906758e-05,1.0
783,pencil_box,r,2,2,1.9966057701906758e-05,1.0
850,pudding,r,2,2,1.9966057701906758e-05,1.0
851,puffer_(fish),r,2,1,9.983028850953379e-06,2.0
890,rodent,r,2,1,9.983028850953379e-06,2.0
944,shepherd_dog,r,2,2,1.9966057701906758e-05,1.0
945,sherbert,r,2,1,9.983028850953379e-06,2.0
987,soup_bowl,r,2,1,9.983028850953379e-06,2.0
990,soya_milk,r,2,1,9.983028850953379e-06,2.0
1080,tequila,r,2,2,1.9966057701906758e-05,1.0
1135,unicycle,r,2,2,1.9966057701906758e-05,1.0
40,bait,r,1,1,9.983028850953379e-06,1.0
106,pirate_flag,r,1,1,9.983028850953379e-06,1.0
123,bolo_tie,r,1,1,9.983028850953379e-06,1.0
140,pipe_bowl,r,1,1,9.983028850953379e-06,1.0
210,car_battery,r,1,1,9.983028850953379e-06,1.0
234,chalice,r,1,1,9.983028850953379e-06,1.0
251,chocolate_mousse,r,1,1,9.983028850953379e-06,1.0
262,clarinet,r,1,1,9.983028850953379e-06,1.0
269,clippers_(for_plants),r,1,1,9.983028850953379e-06,1.0
270,cloak,r,1,1,9.983028850953379e-06,1.0
275,clutch_bag,r,1,1,9.983028850953379e-06,1.0
281,cockroach,r,1,1,9.983028850953379e-06,1.0
291,coloring_material,r,1,1,9.983028850953379e-06,1.0
295,compass,r,1,1,9.983028850953379e-06,1.0
302,cooker,r,1,1,9.983028850953379e-06,1.0
313,cornmeal,r,1,1,9.983028850953379e-06,1.0
333,crowbar,r,1,1,9.983028850953379e-06,1.0
354,dagger,r,1,1,9.983028850953379e-06,1.0
398,dropper,r,1,1,9.983028850953379e-06,1.0
414,eel,r,1,1,9.983028850953379e-06,1.0
420,electric_chair,r,1,1,9.983028850953379e-06,1.0
568,hornet,r,1,1,9.983028850953379e-06,1.0
580,popsicle,r,1,1,9.983028850953379e-06,1.0
597,jewel,r,1,1,9.983028850953379e-06,1.0
606,keycard,r,1,1,9.983028850953379e-06,1.0
665,manatee,r,1,1,9.983028850953379e-06,1.0
691,milkshake,r,1,1,9.983028850953379e-06,1.0
769,passenger_ship,r,1,1,9.983028850953379e-06,1.0
778,wooden_leg,r,1,1,9.983028850953379e-06,1.0
925,scraper,r,1,1,9.983028850953379e-06,1.0
956,shower_cap,r,1,1,9.983028850953379e-06,1.0
969,skullcap,r,1,1,9.983028850953379e-06,1.0
972,sling_(bandage),r,1,1,9.983028850953379e-06,1.0
1005,stagecoach,r,1,1,9.983028850953379e-06,1.0
1010,steak_knife,r,1,1,9.983028850953379e-06,1.0
1028,string_cheese,r,1,1,9.983028850953379e-06,1.0
1030,subwoofer,r,1,1,9.983028850953379e-06,1.0
1057,tambourine,r,1,1,9.983028850953379e-06,1.0
1075,telephoto_lens,r,1,1,9.983028850953379e-06,1.0
1119,triangle_(musical_instrument),r,1,1,9.983028850953379e-06,1.0
1144,vinegar,r,1,1,9.983028850953379e-06,1.0
1157,walrus,r,1,1,9.983028850953379e-06,1.0
1158,wardrobe,r,1,1,9.983028850953379e-06,1.0
1167,water_gun,r,1,1,9.983028850953379e-06,1.0
